排名,姓名,姓名（英文）,財富（億美元）,財富來源,國家和地區
1,傑夫·貝索斯,Jeff Bezos,1130,亞馬遜,美國
2,比爾·蓋茨,Bill Gates,980,微軟,美國
3,伯納德·阿爾諾及家族,Bernard Arnault & family,760,LVMH,法國
4,沃倫·巴菲特,Warren Buffett,675,伯克希爾哈撒韋,美國
5,拉里·埃里森,Larry Ellison,590,軟體,美國
6,阿曼西奧·奧特加,Amancio Ortega,551,Zara,西班牙
7,馬克·扎克伯格,Mark Zuckerberg,547,Facebook,美國
8,吉姆·沃爾頓,Jim Walton,546,沃爾瑪,美國
9,艾麗斯·沃爾頓,Alice Walton,544,沃爾瑪,美國
10,羅伯·沃爾頓,Rob Walton,541,沃爾瑪,美國
11,史蒂夫·鮑爾默,Steve Ballmer,527,微軟,美國
12,卡洛斯·斯利姆·埃盧及家族,Carlos Slim Helu & family,521,電信,墨西哥
13,拉里·佩奇,Larry Page,509,谷歌,美國
14,謝爾蓋·布林,Sergey Brin,491,谷歌,美國
15,弗朗索瓦絲·貝當古·邁耶斯及家族,Francoise Bettencourt Meyers & family,489,歐萊雅,法國
16,邁克爾·布隆伯格,Michael Bloomberg,480,彭博公司,美國
17,馬雲,Jack Ma,388,電商,中國內地
18,查爾斯·科赫,Charles Koch,382,科氏工業,美國
18,茱莉亞·科赫及家族,Julia Koch & family,382,科氏工業,美國
20,馬化騰,Ma Huateng,381,互聯網媒體,中國內地
21,穆克什·安巴尼,Mukesh Ambani,368,"石化, 油氣",印度
22,麥肯齊·貝索斯,MacKenzie Bezos,360,亞馬遜,美國
23,貝亞特·海斯特和小卡爾·阿爾佈雷希特,Beate Heister & Karl Albrecht Jr.,333,超市,德國
24,大衛·湯姆森及家族,David Thomson & family,316,媒體,加拿大
25,菲爾·耐特及家族,Phil Knight & family,295,耐克,美國
26,李兆基,Lee Shau Kee,281,房地產,香港
27,弗朗索瓦·皮諾特及家族,Fran·ois Pinault & family,270,奢侈品,法國
28,謝爾登·阿德爾森,Sheldon Adelson,268,博彩,美國
29,傑奎琳·馬爾斯,Jacqueline Mars,247,"糖果, 寵物食品",美國
29,約翰·馬爾斯,John Mars,247,"糖果, 寵物食品",美國
31,埃隆·馬斯克,Elon Musk,246,"特斯拉, SpaceX",美國
32,喬瓦尼·費列羅,Giovanni Ferrero,245,"Nutella, 巧克力",義大利
33,邁克爾·戴爾,Michael Dell,229,戴爾電腦,美國
34,許家印,Hui Ka Yan,218,房地產,中國內地
35,李嘉誠,Li Ka-shing,217,多元化經營,香港
36,何享健,He Xiangjian,216,家用電器,中國內地
36,吉姆·西蒙斯,Jim Simons,216,對沖基金,美國
38,楊惠妍及家族,Yang Huiyan & family,203,房地產,中國內地
39,約瑟夫·薩夫拉,Joseph Safra,199,銀行業,巴西
40,迪特爾·施瓦茨,Dieter Schwarz,198,零售,德國
41,弗拉基米爾·波塔寧,Vladimir Potanin,197,金屬,俄羅斯
41,柳井正及家族,Tadashi Yanai & family,197,時尚零售,日本
43,秦英林,Qin Yinglin & family,185,飼養生豬,中國內地
44,盧卡斯·沃爾頓,Lukas Walton,184,沃爾瑪,美國
45,弗拉基米爾·利辛,Vladimir Lisin,181,"鋼鐵, 交通運輸",俄羅斯
46,雷伊·達里奧,Ray Dalio,180,對沖基金,美國
47,滝崎武光,Takemitsu Takizaki,174,感測器,日本
48,列昂尼德·米赫爾松,Leonid Mikhelson,171,"天然氣, 化工",俄羅斯
48,阿蘭·韋特海默,Alain Wertheimer,171,香奈兒,法國
48,傑拉德·韋特海默,Gerard Wertheimer,171,香奈兒,法國
51,小西奧·阿爾佈雷希特及家族,Theo Albrecht Jr & family,170,"Aldi, Trader Joe's",德國
51,萊恩·布拉瓦特尼克,Len Blavatnik,170,多元化經營,美國
51,丁磊,William Lei Ding,170,網路游戲,中國內地
54,蘇珊娜·克拉騰,Susanne Klatten,168,"BMW, 醫葯",德國
54,阿列克謝·莫爾達索夫及家族,Alexey Mordashov & family,168,"鋼鐵, 投資",俄羅斯
56,孫正義,Masayoshi Son,166,"互聯網, 電信",日本
57,黃崢,Colin Zheng Huang,165,電商,中國內地
57,迪特裡希·梅特舒茲,Dietrich Mateschitz,165,紅牛,奧地利
59,劉鑾雄,Joseph Lau,164,房地產,香港
59,勞倫娜·鮑威爾·喬布斯及家族,Laurene Powell Jobs & family,164,蘋果、迪士尼,美國
61,張一鳴,Zhang Yiming,162,軟體,中國內地
62,萊昂納多·戴爾·維吉奧及家族,Leonardo Del Vecchio & family,161,眼鏡,義大利
63,唐納德·布倫,Donald Bren,155,房地產,美國
64,史蒂芬·施瓦茨曼,Stephen Schwarzman,154,投資,美國
65,瓦吉特·阿列克佩羅夫,Vagit Alekperov,152,石油,俄羅斯
65,李文達,Lee Man Tat,152,食品,香港
65,王衛,Wang Wei,152,快遞,中國內地
68,皮特·凱爾納,Petr Kellner,149,"金融, 電信",捷克共和國
68,魯珀特·默多克及家族,Rupert Murdoch & family,149,"報紙, 電視網",美國
70,倫納德·勞德,Leonard Lauder,146,雅詩蘭黛,美國
70,鐘慧娟,Zhong Huijuan,146,醫葯,中國內地
72,格納迪·季姆琴科,Gennady Timchenko,144,油氣,俄羅斯
73,托馬斯·彼得菲,Thomas Peterffy,143,折扣經紀,美國
74,克勞斯-邁克爾·庫恩,Klaus-Michael Kuehne,142,航運,德國
75,李健熙,Lee Kun-hee,141,三星,南韓
76,王健林,Wang Jianlin,140,房地產,中國內地
77,史蒂夫·科恩,Steve Cohen,139,對沖基金,美國
78,拉達吉申·達馬尼及家族,Radhakishan Damani & family,138,"零售, 投資",印度
78,卡爾·伊坎,Carl Icahn,138,投資,美國
80,黃惠忠,R. Budi Hartono,136,"銀行業, 煙草",印尼
81,謝國民,Dhanin Chearavanont,135,多元化經營,泰國
81,斯蒂芬·佩爾森,Stefan Persson,135,H&M,瑞典
83,阿利舍爾·烏斯馬諾夫,Alisher Usmanov,134,"鋼鐵, 電信",電信
84,埃里克·施密特,Eric Schmidt,132,谷歌,美國
85,吉娜·萊因哈特,Gina Rinehart,131,礦業,澳大利亞
86,迪特馬爾·霍普及家族,Dietmar Hopp & family,130,軟體,德國
86,張志東,Zhang Zhidong,130,互聯網媒體,中國內地
86,沃爾特·德勒格,Walter P.J. Droege,130,咨詢,德國
86,米哈伊爾·弗里德曼,Mikhail Fridman,130,"石油, 銀行業",銀行業
86,黃惠祥,Michael Hartono,130,"銀行業, 煙草",印尼
91,欣杜賈兄弟,Hinduja brothers,129,多元化經營,英國
91,海因茨·赫爾曼·蒂勒及家族,Heinz Hermann Thiele & family,129,減速裝置,德國
93,夏琳·德卡瓦略-海內肯及家族,Charlene de Carvalho-Heineken & family,128,Heineken,荷蘭
94,伊曼紐爾·貝尼耶,Emmanuel Besnier,127,乳酪,法國
95,安德烈·梅爾尼琴科,Andrey Melnichenko,125,"煤炭, 肥料",俄羅斯
96,李書福,Li Shufu,124,汽車,中國內地
96,哈索·普拉特納及家族,Hasso Plattner & family,124,軟體,德國
98,劉永好及家族,Liu Yonghao & family,123,農產業,中國內地
98,斯特芬·科萬特,Stefan Quandt,123,BMW,德國
100,肯·格裡芬,Ken Griffin,121,對沖基金,美國
101,大衛•泰珀,David Tepper,120,對沖基金,美國
101,吳亞軍及家族,Wu Yajun & family,120,房地產,中國內地
103,鄺肖卿,Kwong Siu-hing,119,房地產,香港
103,希夫•納達爾,Shiv Nadar,119,軟體服務,印度
105,孫飄揚,Sun Piaoyang,118,醫葯,中國內地
106,呂志和及家族,Lui Che Woo & family,117,博彩/酒店,香港
106,里卡多•薩利納斯•普里戈及家族,Ricardo Salinas Pliego & family,117,"零售, 媒體",墨西哥
108,李西廷,Li Xiting,116,醫療器械,中國內地
108,雷諾德•伍爾特及家族,Reinhold Wuerth & family,116,緊固件,德國
110,小約翰•默納德,John Menard Jr,115,家裝店,美國
110,龐康,Pang Kang,115,醬油,中國內地
110,吳光正,Peter Woo,115,房地產,香港
113,羅曼•阿布拉莫維奇,Roman Abramovich,113,"鋼鐵, 投資",俄羅斯
113,烏多•茨奇拉和哈羅德•茨奇拉,Udo & Harald Tschira,113,軟體,德國
115,米哈伊爾•普羅霍羅夫,Mikhail Prokhorov,112,投資,俄羅斯
115,徐航,Xu Hang,112,醫療器械,中國內地
117,帕朗吉•密斯特裡,Pallonji Mistry,111,建築施工,愛爾蘭
118,菲利浦•安舒茨,Philip Anschutz,110,投資,美國
118,格爾曼•拉利阿•莫塔•維拉斯科及家族,German Larrea Mota Velasco & family,110,礦業,墨西哥
118,皮埃爾•奧米迪亞,Pierre Omidyar,110,"eBay, PayPal",美國
118,詹姆斯•拉特克利夫,James Ratcliffe,110,化工,英國
118,張勇,Zhang Yong,110,餐飲,新加坡
123,黃志祥與黃志達兄弟,Robert & Philip Ng,109,房地產,新加坡
124,伊裡斯•馮特博納及家族,Iris Fontbona & family,108,礦業,智利
124,阿比蓋爾•約翰遜,Abigail Johnson,108,資金管理,美國
124,唐納德•紐豪斯,Donald Newhouse,108,媒體,美國
127,格雷姆•哈特,Graeme Hart,105,投資,紐西蘭
127,維克多•維克塞爾伯格,Viktor Vekselberg,105,"金屬, 能源",俄羅斯
129,豪爾赫•保羅•雷曼及家族,Jorge Paulo Lemann & family,104,啤酒,巴西
129,吳清亮,Goh Cheng Liang,104,漆料,新加坡
129,烏代•科塔克,Uday Kotak,104,銀行業,印度
132,約恩•勞辛,Jorn Rausing,103,包裝,瑞典
133,漢克•梅傑和道格•梅傑,Hank & Doug Meijer,102,超市,美國
133,斯德法諾•佩斯納,Stefano Pessina,102,藥妝店,義大利
135,蘇萊曼•克裡莫夫及家族,Suleiman Kerimov & family,100,投資,俄羅斯
135,斯坦利•克倫克,Stanley Kroenke,100,"體育, 房地產",美國
135,蔡崇信,Joseph Tsai,100,電商,加拿大
138,戈登•摩爾,Gordon Moore,98,英特爾,美國
139,揚•庫姆,Jan Koum,97,WhatsApp,美國
139,曾毓群,Robin Zeng,97,電池,香港
141,約翰•弗雷德里克森,John Fredriksen,96,航運,塞普勒斯
141,郭鶴年,Robert Kuok,96,"棕櫚油, 航運",航運
141,安德里亞斯•斯特朗格曼及家族,Andreas Struengmann & family,96,醫葯,德國
141,托馬斯•斯特朗格曼及家族,Thomas Struengmann & family,96,醫葯,德國
145,許榮茂,Hui Wing Mau,95,房地產,香港
146,達斯汀•莫斯科維茨,Dustin Moskovitz,93,Facebook,美國
147,雷軍,Lei Jun,92,智能手機,中國內地
147,郭令燦,Quek Leng Chan,92,"銀行業, 房地產",馬來西亞
147,孫巨集斌,Sun Hongbin,92,房地產,美國
150,芬恩•勞辛,Finn Rausing,91,包裝,瑞典
150,柯爾斯頓•勞辛,Kirsten Rausing,91,包裝,瑞典
150,蘇旭明,Charoen Sirivadhanabhakdi,91,"酒精, 房地產",泰國
153,斯圖爾特•雷斯尼克和琳達•雷斯尼克,Stewart and Lynda Resnick,90,"農業, 水務",美國
153,路易斯•卡洛斯•薩米恩托,Luis Carlos Sarmiento,90,銀行業,哥倫比亞
155,高塔姆•阿達尼,Gautam Adani,89,"大宗商品, 港口",印度
155,克裡斯蒂•沃爾頓,Christy Walton,89,沃爾瑪,美國
157,蘇尼爾•米塔爾及家族,Sunil Mittal & family,88,電信,印度
157,張邦鑫,Zhang Bangxin,88,教育,中國內地
159,安東尼•普拉特,Anthony Pratt,87,製造業,澳大利亞
160,格爾曼•汗,German Khan,85,"石油, 銀行業",銀行業
161,愛德華多•薩維林,Eduardo Saverin,84,Facebook,巴西
162,阿裡科•丹格特,Aliko Dangote,83,"水泥, 糖類",奈及利亞
162,喬治•索羅斯,George Soros,83,對沖基金,美國
162,宗慶後,Zong Qinghou,83,飲料,中國內地
165,劉強東,Richard Qiangdong Liu,82,電商,中國內地
165,弗萊德漢姆•洛,Friedhelm Loh,82,製造業,德國
165,魯忠芳,Lu Zhongfang,82,教育,中國內地
165,賽魯斯•普納瓦拉,Cyrus Poonawalla,82,疫苗,印度
169,傑里•瓊斯,Jerry Jones,80,達拉斯牛仔隊,美國
169,邁克爾•普拉特,Michael Platt,80,對沖基金,英國
169,安德斯•霍爾希•波維森,Anders Holch Povlsen,80,時尚零售,丹麥
169,埃里克•威托克,Eric Wittouck,80,投資,比利時
169,許世輝,Xu Shihui,80,"零食, 飲料",中國內地
169,埃內斯托•貝爾塔雷利,Ernesto Bertarelli,80,"生物技術, 投資",瑞士
169,麥克•坎農-布魯克斯,Mike Cannon-Brookes,80,軟體,澳大利亞
169,卡爾•庫克,Carl Cook,80,醫療器械,美國
169,斯科特•法誇爾,Scott Farquhar,80,軟體,澳大利亞
169,龔虹嘉及家族,Gong Hongjia & family,80,視頻監控,香港
179,安德魯•比爾,Andrew Beal,79,"銀行, 房地產",美國
179,安•沃爾頓•克倫克,Ann Walton Kroenke,79,沃爾瑪,美國
179,王文銀,Wang Wenyin,79,"礦業, 銅產品",中國內地
179,張帆,Zhang Fan,79,觸摸屏,中國內地
183,舍希德•汗,Shahid Khan,78,汽車零件,美國
184,張近東,Zhang Jindong,77,家電零售,中國內地
185,庫瑪爾•博拉,Kumar Birla,76,大宗商品,印度
185,陳邦,Chen Bang,76,醫院,中國內地
185,大衛•格芬,David Geffen,76,"電影, 唱片",美國
185,蔣仁生及家族,Jiang Rensheng & family,76,疫苗,中國內地
185,吉姆•肯尼迪,Jim Kennedy,76,"媒體, 汽車",美國
185,布萊爾•帕里-奧基登,Blair Parry-Okeden,76,"媒體, 汽車",美國
185,斯蒂芬•羅斯,Stephen Ross,76,房地產,美國
185,奧古斯特•馮•芬克,August von Finck,76,投資,德國
193,大衛•杜菲爾德,David Duffield,75,商業軟體,美國
193,小托馬斯•弗裡斯特及家族,Thomas Frist Jr & family,75,醫院,美國
193,埃亞勒•奧弗,Eyal Ofer,75,"房地產, 航運",以色列
196,約翰•格雷肯,John Grayken,74,私募股權,愛爾蘭
196,尼爾森•彼得•路易斯-漢森,Niels Peter Louis-Hansen,74,醫療器械,丹麥
196,拉克希米•米塔爾,Lakshmi Mittal,74,鋼鐵,印度
196,尼基•奧本海默及家族,Nicky Oppenheimer & family,74,鑽石,南非
200,約翰•杜爾,John Doerr,73,創投,美國
200,米高•嘉道理,Michael Kadoorie,73,"酒店, 能源",中國香港
200,維克托•拉什尼科夫,Viktor Rashnikov,73,鋼鐵,俄羅斯
200,大衛•肖,David Shaw,73,對沖基金,美國
200,謝炳,Tse Ping,73,醫葯,中國內地
205,伊斯坎德爾•馬克穆多夫,Iskander Makhmudov,72,"礦業, 金屬",金屬
206,帕特裡克•德拉希,Patrick Drahi,71,電信,法國
206,南希•沃爾頓•勞麗,Nancy Walton Laurie,71,沃爾瑪,美國
208,羅伯特•佩拉,Robert Pera,70,無線網路設備,美國
208,魯道夫•薩阿德及家族,Rodolphe Saadé & family,70,航運,法國
208,蓋倫•韋斯頓及家族,Galen Weston & family,70,零售,加拿大
211,蔡奎,Cai Kui,69,房地產,中國內地
211,黛安•亨德里克斯,Diane Hendricks,69,屋頂設備,美國
211,羅伯特•克拉夫特,Robert Kraft,69,新英格蘭愛國者隊,美國
211,羅納德•佩雷爾曼,Ronald Perelman,69,杠桿收購,美國
211,周群飛,Zhou Qunfei,69,智能手機屏幕,香港
216,大衛•魯賓,David Reuben,68,"投資, 房地產",英國
216,西蒙•魯賓,Simon Reuben,68,"房地產, 投資",英國
216,J.克裡斯多夫•雷耶斯,J. Christopher Reyes,68,食品分銷,美國
216,裘德•雷耶斯,Jude Reyes,68,食品分銷,美國
216,伊萊•布羅德,Eli Broad,68,投資,美國
221,安德魯•弗雷斯特,Andrew Forrest,67,礦業,澳大利亞
221,馬建榮及家族,Ma Jianrong & family,67,"紡織品, 服裝",中國內地
221,查爾斯•施瓦布,Charles Schwab,67,折扣經紀,美國
224,萊昂•布萊克,Leon Black,66,私募股權,美國
224,蔡志明,Francis Choi,66,房地產,香港
224,黨彥寶,Dang Yanbao,66,煤炭,中國內地
224,伊斯雷爾•英格蘭德,Israel Englander,66,對沖基金,美國
224,馬希米麗亞娜•蘭迪尼•阿利歐帝及家族,Massimiliana Landini Aleotti & family,66,醫葯,義大利
224,德米特裡•雷波諾列夫,Dmitry Rybolovlev,66,肥料,俄羅斯
230,吉安路易吉•阿龐特和拉斐拉•阿龐特,Gianluigi & Rafaela Aponte,65,航運,瑞士
230,丹尼爾•吉爾伯特,Daniel Gilbert,65,Quicken Loans,美國
230,約翰•格拉夫,Johann Graf,65,博彩,奧地利
230,紀海鵬,Kei Hoi Pang,65,房地產,中國內地
230,阿列克謝•庫茲米切夫,Alexei Kuzmichev,65,"石油, 銀行業",銀行業
230,湯姆•勒夫與朱迪•勒夫,Tom & Judy Love,65,零售 & 加油站,美國
230,馬塞爾•赫爾曼•特萊斯,Marcel Herrmann Telles,65,啤酒,巴西
237,阿爾貝托•巴伊雷斯•岡薩雷斯及家族,Alberto Bailleres Gonzalez & family,64,礦業,墨西哥
237,伊恩•利文斯通和理查德•利文斯通,Ian & Richard Livingstone,64,房地產,英國
237,陳頌雄,Patrick Soon-Shiong,64,醫葯,美國
237,王興,Wang Xing,64,電商,中國內地
241,列昂尼德•費頓及家族,Leonid Fedun & family,63,石油,俄羅斯
241,大衛•格林及家族,David Green & family,63,零售,美國
241,金正宇,Kim Jung-ju,63,網路游戲,南韓
241,薩拉特•拉塔納瓦迪,Sarath Ratanavadi,63,能源,泰國
241,格奧爾格•舍弗勒,Georg Schaeffler,63,汽車零件,德國
241,安德列•斯科奇及家族,Andrei Skoch & family,63,鋼鐵,俄羅斯
241,哈里•特裡古波夫,Harry Triguboff,63,房地產,澳大利亞
248,馬瑞克•馬爾斯,Marijke Mars,62,"糖果, 寵物食品",美國
248,帕梅拉•馬爾斯,Pamela Mars,62,"糖果, 寵物食品",美國
248,瓦萊利•馬爾斯,Valerie Mars,62,"糖果, 寵物食品",美國
248,維多利亞•馬爾斯,Victoria Mars,62,"糖果, 寵物食品",美國
248,史蒂夫•韋特海默及家族,Stef Wertheimer & family,62,金屬工具,以色列
253,澤維爾•尼爾,Xavier Niel,61,"互聯網, 電信",法國
253,約翰•歐文德克,John Overdeck,61,對沖基金,美國
253,阿齊姆•普萊姆基,Azim Premji,61,軟體服務,印度
253,徐廷珍,Seo Jung-jin,61,生物技術,南韓
253,迪利普•桑哈維,Dilip Shanghvi,61,醫葯,印度
253,大衛•西格爾,David Siegel,61,對沖基金,美國
253,阿格尼特•科爾克•廷高,Agnete Kirk Thinggaard,61,樂高,丹麥
253,岑均達,Cen Junda,61,醫葯,中國內地
253,詹姆斯•古德納特,James Goodnight,61,軟體,美國
253,克伊爾德•科爾克•克裡斯蒂安森,Kjeld Kirk Kristiansen,61,樂高,丹麥
253,索菲•科爾克•克裡斯蒂安森,Sofie Kirk Kristiansen,61,樂高,丹麥
253,托馬斯•科爾克•克裡斯蒂安森,Thomas Kirk Kristiansen,61,樂高,丹麥
253,梁穩根,Liang Wengen,61,建築施工設備,中國內地
266,範紅衛及家族,Fan Hongwei & family,60,石化,中國內地
266,虞仁榮,Yu Renrong,60,半導體,中國內地
268,貝努•戈帕爾•班古爾,Benu Gopal Bangur,59,水泥,印度
268,詹姆斯•戴森,James Dyson,59,吸塵器,英國
268,小赫伯特•科勒及家族,Herbert Kohler Jr & family,59,下水管設施,美國
268,冷友斌,Leng Youbin,59,奶業,中國內地
268,劉永行,Liu Yongxing,59,多元化經營,中國內地
268,阿蘭•梅里埃及家族,Alain Merieux & family,59,醫葯,法國
274,馬克•貝尼奧夫,Marc Benioff,58,商業軟體,美國
274,陳麗華及家族,Chan Laiwa & family,58,房地產,中國內地
274,約翰•馬龍,John Malone,58,有線電視,美國
274,弗雷德里克•保爾森,Frederik Paulsen,58,醫療護理,瑞典
274,史蒂文•雷爾斯,Steven Rales,58,製造業,美國
274,姚振華及家族,Yao Zhenhua & family,58,聯合大企業,中國內地
280,湯姆•戈爾斯,Tom Gores,57,私募股權,美國
280,拉爾夫•勞倫,Ralph Lauren,57,服裝,美國
280,阮立平,Ruan Liping,57,插座,香港
280,阮學平,Ruan Xueping,57,插座,香港
280,安德里亞斯•馮•貝托爾斯海姆及家族,Andreas von Bechtolsheim & family,57,谷歌,德國
280,王文京,Wang Wenjing,57,商業軟體,中國內地
286,邁克•阿登努加,Mike Adenuga,56,"電信, 石油",奈及利亞
286,瑪麗亞•亞松森•阿蘭布魯沙巴拉及家族,Maria Asuncion Aramburuzabala & family,56,"啤酒, 投資",墨西哥
286,喬治•凱澤,George Kaiser,56,"油氣, 銀行業",美國
286,羅家寶,Law Kar Po,56,房地產,香港
286,潘日旺,Pham Nhat Vuong,56,多元化經營,越南
286,梅爾克•斯科爾林及家族,Melker Schorling & family,56,投資,瑞典
286,曼努埃爾•維拉,Manuel Villar,56,房地產,菲律賓
293,漢斯約格•懷斯,Hansjoerg Wyss,55,醫療器械,瑞士
293,袁徵及家族,Eric Yuan & family,55,視頻會議,美國
293,亞歷山大•阿布拉莫夫,Alexander Abramov,55,"鋼鐵, 礦業",俄羅斯
293,安東尼婭•約翰遜及家族,Antonia Ax:son Johnson & family,55,多元化經營,瑞典
293,大衛•切瑞頓,David Cheriton,55,谷歌,加拿大
293,郭台銘,Terry Gou,55,電子,臺灣
293,沃爾夫岡•馬格雷及家族,Wolfgang Marguerre & family,55,醫葯,德國
293,羅伯特•米勒,Robert Miller,55,零售,英國
293,桑德拉•奧特加•梅拉,Sandra Ortega Mera,55,Zara,西班牙
293,鄧成波,Tang Shing-bor,55,房地產,香港
293,丹尼斯•華盛頓,Dennis Washington,55,"建築施工, 礦業",美國
304,喬治•阿瑪尼,Giorgio Armani,54,奢侈品,義大利
304,查爾斯•厄爾根,Charles Ergen,54,衛星電視,美國
304,愛德華•約翰遜三世,Edward Johnson III,54,資金管理,美國
304,曾芳勤,Zeng Fangqin,54,智能手機部件,中國內地
308,西爾維奧•貝盧斯科尼及家族,Silvio Berlusconi & family,53,媒體,義大利
308,勞倫斯•格拉夫及家族,Laurence Graff & family,53,鑽石首飾,英國
308,布魯斯•柯夫納,Bruce Kovner,53,對沖基金,美國
308,賴梅松,Lai Meisong,53,快遞,中國內地
308,喬治•羅伯茨,George Roberts,53,私募股權,美國
308,萊因霍爾德•施米丁,Reinhold Schmieding,53,醫療器械,美國
308,蔡衍明,Tsai Eng-meng,53,"食品, 飲料",臺灣
315,克萊夫•考爾德,Clive Calder,52,唱片,英國
315,理查德•金德,Richard Kinder,52,管線,美國
315,亨利•克拉維斯,Henry Kravis,52,私募股權,美國
315,林立,Lin Li,52,投資,中國內地
315,高原豪久,Takahisa Takahara,52,個人護理商品,日本
320,米奇•阿裡森,Micky Arison,51,嘉年華郵輪,美國
320,詹姆斯•錢伯斯,James Chambers,51,"媒體, 汽車",美國
320,庫蒂普•辛格與戈拜江•辛格•丁格拉,Kuldip Singh & Gurbachan Singh Dhingra,51,漆料,印度
320,杜偉民,Du Weimin,51,疫苗,中國內地
320,黃楚龍,Huang Chulong,51,房地產,加拿大
320,保羅•都鐸•瓊斯二世,Paul Tudor Jones II,51,對沖基金,美國
320,凱瑟琳•瑞納,Katharine Rayner,51,"媒體, 汽車",美國
320,瑪格麗塔•泰勒,Margaretta Taylor,51,"媒體, 汽車",美國
320,納斯里•瓦迪亞,Nusli Wadia,51,消費品,印度
320,王來春,Wang Laichun,51,電子部件,中國內地
330,克裡斯托弗•霍恩,Christopher Hohn,50,對沖基金,英國
330,伯提•霍特,Bertil Hult,50,教育,瑞典
330,郭氏兄弟,Kwee brothers,50,房地產,新加坡
330,李在鎔,Jay Y. Lee,50,三星,南韓
330,李革,Li Ge,50,生物技術,美國
330,瑪格達萊娜•馬圖洛-布勞赫,Magdalena Martullo-Blocher,50,化工,瑞士
330,亞歷山大•奧托,Alexander Otto,50,房地產,德國
330,泰倫斯•佩古拉,Terrence Pegula,50,天然氣,美國
330,納塞夫•薩維裡斯,Nassef Sawiris,50,"建築施工, 化工",埃及
330,羅伯特•F•史密斯,Robert F. Smith,50,私募股權,美國
330,王來勝,Wang Laisheng,50,電子部件,中國內地
330,黃祖耀,Wee Cho Yaw,50,銀行業,新加坡
330,丹尼爾•齊夫,Daniel Ziff,50,投資,美國
330,德科•齊夫,Dirk Ziff,50,投資,美國
330,羅伯特•齊夫,Robert Ziff,50,投資,美國
345,拉海爾•布勞赫,Rahel Blocher,49,化工,瑞士
345,李彥巨集,Robin Li,49,互聯網搜索,中國內地
345,卡倫•普利茲克,Karen Pritzker,49,"酒店, 投資",美國
345,馬克•謝恩伯格,Mark Scheinberg,49,網路博彩,加拿大
349,陳東升,Chen Dongsheng,48,保險,中國內地
349,安德里亞斯•哈爾沃森,Andreas Halvorsen,48,對沖基金,挪威
349,邁克爾•赫茨,Michael Herz,48,咖啡,德國
349,沃爾夫岡•赫茨,Wolfgang Herz,48,咖啡,德國
349,畢齊納•伊萬尼什維利,Bidzina Ivanishvili,48,投資,喬治亞
349,薩維特裡•金達爾及家族,Savitri Jindal & family,48,鋼鐵,印度
349,保利娜•麥克米倫•凱納斯,Pauline MacMillan Keinath,48,嘉吉,美國
349,安德烈•柯茲特欽,Andrei Kozitsyn,48,金屬,俄羅斯
349,弗蘭克•洛伊,Frank Lowy,48,百貨中心,澳大利亞
349,卡洛斯•阿爾貝托•斯庫彼拉及家族,Carlos Alberto Sicupira & family,48,啤酒,巴西
349,汪滔,Frank Wang,48,無人機,中國內地
349,山姆•澤爾,Sam Zell,48,"房地產, 私募股權",美國
361,雷尼•班科,Rene Benko,47,"房地產, 零售",奧地利
361,勞倫特•達索,Laurent Dassault,47,多元化經營,法國
361,奧利維亞•達索,Olivier Dassault,47,多元化經營,法國
361,特裡•達索,Thierry Dassault,47,多元化經營,法國
361,吉姆•戴維斯及家族,Jim Davis & family,47,New Balance,美國
361,斯坦利•德魯肯米勒,Stanley Druckenmiller,47,對沖基金,美國
361,瑪麗-海倫•哈伯特,Marie-Hélène Habert,47,多元化經營,法國
361,黃仁勛,Jensen Huang,47,半導體,美國
361,阿南達•克裡斯南,Ananda Krishnan,47,"電信, 媒體",媒體
361,弗雷德里克•倫德伯格,Fredrik Lundberg,47,"房地產, 投資",瑞典
361,沃爾夫岡•賴曼,Wolfgang Reimann,47,消費品,德國
361,馬提亞斯•賴曼•安德森,Matthias Reimann-Andersen,47,消費品,德國
361,斯蒂芬•賴曼•安德森,Stefan Reimann-Andersen,47,消費品,德國
361,雷娜特•賴曼-哈斯,Renate Reimann-Haas,47,消費品,德國
375,彼得•阿文,Pyotr Aven,46,"石油, 銀行業",銀行業
375,阿瑟•布蘭克,Arthur Blank,46,家得寶,美國
375,查爾斯•多蘭及家族,Charles Dolan & family,46,有線電視,美國
375,喬•劉易斯,Joe Lewis,46,投資,英國
375,喬治•盧卡斯,George Lucas,46,星球大戰,美國
375,伯納德•馬庫斯,Bernard Marcus,46,家得寶,美國
375,約翰•魯伯特及家族,Johann Rupert & family,46,奢侈品,南非
375,傑夫•斯科爾,Jeff Skoll,46,eBay,美國
383,切斯•科爾曼三世,Chase Coleman III,45,對沖基金,美國
383,羅科•科米索,Rocco Commisso,45,電信,美國
383,塔瑪拉•古斯塔夫森,Tamara Gustavson,45,自助存儲,美國
383,黃世霖,Huang Shilin,45,電池,中國內地
383,詹姆斯•歐文,James Irving,45,多元化經營,加拿大
383,梁紹鴻,Edwin Leong,45,房地產,香港
383,三木谷浩史,Hiroshi Mikitani,45,網路零售,日本
383,謝爾蓋•波波夫,Sergei Popov,45,銀行業,俄羅斯
383,泰迪•薩吉,Teddy Sagi,45,博彩軟體,以色列
383,弗里德•斯普林格,Friede Springer,45,出版,德國
383,倫納德•斯特恩,Leonard Stern,45,房地產,美國
383,蒂姆•斯維尼,Tim Sweeney,45,電子游戲,美國
383,汪立平及家族,Wang Liping & family,45,液壓機械,中國內地
383,王振華,Wang Zhenhua,45,房地產,中國內地
383,羅伯特•巴斯,Robert Bass,45,"石油, 投資",美國
383,車建新,Che Jianxing,45,傢具零售,中國內地
383,陳向東,Larry Xiangdong Chen,45,教育,中國內地
383,丹尼斯•科茨,Denise Coates,45,網路博彩,英國
401,讓-米歇爾•貝尼耶,Jean-Michel Besnier,44,乳酪,法國
401,瑪麗•貝尼耶•博瓦羅,Marie Besnier Beauvalot,44,乳酪,法國
401,郭廣昌,Guo Guangchang,44,聯合大企業,中國內地
401,安蒂•赫林,Antti Herlin,44,"電梯, 滾梯",芬蘭
401,雷伊•李•亨特,Ray Lee Hunt,44,"石油, 房地產",美國
401,瑪莎•英格拉姆及家族,Martha Ingram & family,44,"書籍分銷, 交通運輸",美國
401,馬克•拉德雷德•拉夏里埃,Marc Ladreit de Lacharriere,44,金融,法國
401,李澤楷,Richard Li,44,電信,香港
401,小羅伯特•里奇,Robert Rich Jr,44,冷凍食品,美國
401,小朱利安•羅伯遜,Julian Robertson Jr,44,對沖基金,美國
401,沃爾特•斯科特及家族,Walter Scott Jr & family,44,"公用事業, 電信",美國
401,格奧爾格•斯坦普夫,Georg Stumpf,44,"房地產, 建築施工",奧地利
401,王傳福,Wang Chuanfu,44,"電池, 汽車",中國內地
414,傑羅尼莫•阿朗戈及家族,Jeronimo Arango & family,43,零售,墨西哥
414,胡安•弗朗西斯科•貝克曼•比達爾及家族,Juan Francisco Beckmann Vidal & family,43,龍舌蘭酒,墨西哥
414,亞歷山大•貝林,Alexandre Behring,43,投資,巴西
414,多納•貝爾塔雷利,Dona Bertarelli,43,生物技術,瑞士
414,馬克•庫班,Mark Cuban,43,網路媒體,美國
414,蒂爾曼•弗提塔,Tilman Fertitta,43,"休斯敦火箭隊, 娛樂",美國
414,普拉卡什•洛希亞,Sri Prakash Lohia,43,石化,印尼
414,吉姆•帕蒂森,Jim Pattison,43,多元化經營,加拿大
414,約翰•A.索布拉托及家族,John A. Sobrato & family,43,房地產,美國
414,朗達•斯瑞克,Ronda Stryker,43,醫療設備,美國
414,穆拉特•烏爾卡,Murat Ulker,43,食品,土耳其
414,周鴻禕,Zhou Hongyi,43,安全軟體,中國內地
426,西奧•穆勒,Theo Mueller,42,奶業,德國
426,約翰•保爾森,John Paulson,42,對沖基金,美國
426,艾薩德•裡布拉布及家族,Issad Rebrab & family,42,食品,阿爾及利亞
426,謝爾登•索羅,Sheldon Solow,42,房地產,美國
426,孫大衛,David Sun,42,電腦硬體,美國
426,杜紀川,John Tu,42,電腦硬體,美國
426,魏建軍及家族,Wei Jianjun & family,42,汽車,中國內地
426,巴賈吉兄弟,Bajaj brothers,42,多元化經營,印度
426,史蒂芬•比斯奧蒂,Stephen Bisciotti,42,"人力資源服務, 巴爾的摩渡鴉隊",美國
426,阿什溫•達尼,Ashwin Dani,42,漆料,印度
426,查爾斯•B•約翰遜,Charles B. Johnson,42,資金管理,美國
437,那森•布萊卡斯亞克,Nathan Blecharczyk,41,愛彼迎,美國
437,尼爾•布魯及家族,Neal Blue & family,41,防務,美國
437,曾立強,Chen Lip Keong,41,"博彩, 房地產",房地產
437,布萊恩•切斯基,Brian Chesky,41,愛彼迎,美國
437,岡瑟•菲爾曼及家族,Guenther Fielmann & family,41,驗光,德國
437,喬•吉比亞,Joe Gebbia,41,愛彼迎,美國
437,安德烈•古里厄夫及家族,Andrei Guriev & family,41,肥料,俄羅斯
437,阿克塞爾•奧伯爾維蘭德,Axel Oberwelland,41,糖果,德國
437,潘蘇通,Pan Sutong,41,"房地產, 金融",香港
437,奧古斯都•佩爾費蒂與喬治奧•佩爾費蒂,Augusto & Giorgio Perfetti,41,糖果,義大利
437,奧德•萊坦,Odd Reitan,41,"零售, 房地產",挪威
437,翁俊民及家族,Tahir & family,41,多元化經營,印尼
437,王文學,Wang Wenxue,41,房地產,中國內地
437,楊建文,Yeung Kin-man,41,電子,香港
451,瑪格特•伯明翰•佩羅,Margot Birmingham Perot,40,"電腦服務, 房地產",美國
451,傑克•丹傑蒙德,Jack Dangermond,40,地圖軟體,美國
451,特勞德爾•恩格爾霍恩及家族,Traudl Engelhorn & family,40,"醫葯, 醫療設備",德國
451,約書亞•哈裡斯,Joshua Harris,40,私募股權,美國
451,威亞切斯拉夫•坎托爾,Viatcheslav Kantor,40,"肥料, 房地產",俄羅斯
451,羅納德•勞德,Ronald Lauder,40,雅詩蘭黛,美國
451,貞尼斯•麥克奈爾,Janice McNair,40,"能源, 體育",美國
451,塞米•馬內姆內,Sami Mnaymneh,40,私募股權,美國
451,重田康光及家族,Yasumitsu Shigeta & family,40,行動電話零售,日本
451,傑里•斯派爾,Jerry Speyer,40,房地產,美國
451,托尼•塔梅爾,Tony Tamer,40,私募股權,美國
451,拉多萬•維特克,Radovan Vitek,40,房地產,捷克共和國
451,汪林朋,Wang Linpeng,40,傢具零售,中國內地
451,拉斯•韋納,Russ Weiner,40,能量飲料,美國
451,萊斯•衛克斯奈及家族,Les Wexner & family,40,零售,美國
451,姚良松,Yao Liangsong,40,傢具,中國內地
451,朱保國及家族,Zhu Baoguo & family,40,醫葯,中國內地
468,林百裡,Barry Lam,39,電子,臺灣
468,林惠英,Lam Wai Ying,39,智能手機屏幕,香港
468,瑪格麗塔•劉易斯-德雷弗斯及家族,Margarita Louis-Dreyfus & family,39,大宗商品,瑞士
468,伊戈爾•奧倫尼科夫,Igor Olenicoff,39,房地產,美國
468,艾薩克•珀爾馬特,Isaac Perlmutter,39,漫威漫畫,美國
468,其實及家族,Qi Shi & family,39,金融信息,中國內地
468,卡洛斯•羅德里格斯-帕斯托,Carlos Rodriguez-Pastor,39,金融,秘魯
468,胡安•羅伊格,Juan Roig,39,超市,西班牙
468,史蒂文•伍得瓦-赫茲,Steven Udvar-Hazy,39,航空器租賃,美國
468,王玉鎖及家族,Wang Yusuo & family,39,天然氣分銷,中國內地
468,趙燕,Zhao Yan,39,"醫葯, 房地產",房地產
468,安康,An Kang,39,醫葯,中國內地
468,丁世家,Ding Shijia,39,運動服裝,中國內地
468,丁世忠,Ding Shizhong & family,39,運動服裝,中國內地
468,古斯塔夫•道格拉斯,Gustaf Douglas,39,投資,瑞典
468,肯•費舍爾,Ken Fisher,39,資金管理,美國
484,瑪麗亞•費爾南達•阿莫林及家族,Maria Fernanda Amorim & family,38,"能源, 投資",葡萄牙
484,拉胡爾•巴賈吉,Rahul Bajaj,38,多元化經營,印度
484,程雪,Cheng Xue,38,醬油,中國內地
484,瑪麗安•伊里奇,Marian Ilitch,38,小凱撒,美國
484,瑪麗•艾麗斯•多蘭斯•馬龍,Mary Alice Dorrance Malone,38,金寶湯,美國
484,尤里•米爾納,Yuri Milner,38,科技投資,以色列
484,埃馬努埃萊 •薩普托及家族,Emanuele (Lino) Saputo & family,38,乳酪,加拿大
484,沙烏勒•沙尼,Shaul Shani,38,電信,以色列
484,哈里•斯泰恩,Harry Stine,38,農業,美國
484,傑夫•薩頓,Jeff Sutton,38,房地產,美國
494,阿卜杜拉•本•艾哈邁德•古賴爾及家族,Abdulla bin Ahmad Al Ghurair & family,37,多元化經營,阿聯酋
494,大衛•巴克利和弗雷德里克•巴克利,David & Frederick Barclay,37,"媒體, 零售",英國
494,尼爾•布盧姆,Neil Bluhm,37,房地產,美國
494,大衛•邦德曼,David Bonderman,37,私募股權,美國
494,讓•皮埃爾•卡亞爾,Jean-Pierre Cayard,37,烈酒,法國
494,安德魯•加里,Andrew Currie,37,化工,英國
494,傑弗•格林,Jeff Greene,37,"房地產, 投資",美國
494,里德•哈斯廷斯,Reed Hastings,37,Netflix,美國
494,弗拉基米爾•金,Vladimir Kim,37,礦業,哈薩克
494,特德•勒納及家族,Ted Lerner & family,37,房地產,美國
494,李華,Li Wa,37,房地產,香港
494,邁克爾•米爾肯,Michael Milken,37,投資,美國
494,似鳥昭雄,Akio Nitori,37,家庭裝修,日本
494,伊丹•奧弗,Idan Ofer,37,"鑽探, 航運",以色列
494,米切爾•雷爾斯,Mitchell Rales,37,"製造業, 投資",美國
494,約翰•裡斯,John Reece,37,化工,英國
494,特雷弗•裡斯-瓊斯,Trevor Rees-Jones,37,油氣,美國
494,庫夏•帕爾•辛格,Kushal Pal Singh,37,房地產,印度
494,米哈•索羅,Michal Solowow,37,投資,波蘭
494,阿亞瓦特•斯里瓦塔那布拉帕及家族,Aiyawatt Srivaddhanaprabha & family,37,免稅店,泰國
514,達格瑪•杜比及家族,Dagmar Dolby & family,36,杜比實驗室,美國
514,斯科特•鄧肯,Scott Duncan,36,管線,美國
514,米蘭內•弗朗茨,Milane Frantz,36,管線,美國
514,弗里茨•戈登斯邁迪恩,Frits Goldschmeding,36,臨時工中介,荷蘭
514,盧西亞諾•昂,Luciano Hang,36,百貨商場,巴西
514,海達•伊姆•布拉姆-德勒格,Hedda im Brahm-Droege,36,咨詢,德國
514,謝中民,Sumet Jiaravanon,36,多元化經營,泰國
514,李德義,Samuel Tak Lee,36,房地產,香港
514,李耀祖、李耀升,Lee Yeow Chor & Yeow Seng,36,"棕櫚油, 房地產",馬來西亞
514,林書鴻,Lin Shu-hong,36,石化,臺灣
514,永守重信,Shigenobu Nagamori,36,馬達,日本
514,聶騰雲及家族,Nie Tengyun & family,36,物流,中國內地
514,羅傑•萊尼及家族,Rodger Riney & family,36,折扣經紀,美國
514,加里•羅林斯,Gary Rollins,36,害蟲控制,美國
514,亞歷山德拉•斯科爾古伯,Alexandra Schoerghuber,36,房地產,德國
514,托馬斯•西貝爾,Thomas Siebel,36,商業軟體,美國
514,林希•斯奈德,Lynsi Snyder,36,In-N-Out Burger,美國
514,史蒂文•斯皮爾伯格,Steven Spielberg,36,電影,美國
514,唐納德•斯特林,Donald Sterling,36,房地產,美國
514,廖湯慧靄,Rita Tong Liu,36,房地產,香港
514,王恆,Roger Wang,36,零售,美國
514,蘭達•鄧肯•威廉姆斯,Randa Duncan Williams,36,管線,美國
514,阿洛伊斯•沃本,Aloys Wobben,36,風力發電機,德國
514,丹寧•阿瓦拉,Dannine Avara,36,管線,美國
538,保羅•辛格,Paul Singer,35,對沖基金,美國
538,大衛•斯圖爾特,David Steward,35,IT提供商,美國
538,鄭鴻標,Teh Hong Piow,35,銀行業,馬來西亞
538,弗蘭克•範德士,Frank VanderSloot,35,"營養, 健康產品",美國
538,M.A.優素福•阿裡,M.A. Yusuff Ali,35,零售,印度
538,張巨集偉,Zhang Hongwei,35,"石油, 銀行業",中國內地
538,張欣 & 潘石屹,Zhang Xin & Pan Shiyi,35,房地產,中國內地
538,本•阿什肯納齊,Ben Ashkenazy,35,房地產,美國
538,烏蘇拉•貝克托什梅爾-基普,Ursula Bechtolsheimer-Kipp,35,零售,德國
538,文森特•博羅雷及家族,Vincent Bolloré & family,35,投資,法國
538,謝正民,Jaran Chiaravanont,35,多元化經營,泰國
538,哈斯穆克•丘德加,Hasmukh Chudgar,35,醫葯,印度
538,杜耳塞•普格裡斯•德•戈多伊•布埃諾,Dulce Pugliese de Godoy Bueno,35,"醫院, 醫療護理",巴西
538,穆拉利•迪維及家族,Murali Divi & family,35,醫葯,印度
538,小阿莫斯•霍斯泰特,Amos Hostetter Jr,35,有線電視,美國
538,謝大民,Montri Jiaravanont,35,多元化經營,泰國
538,高民環及家族,Min Kao & family,35,導航設備,美國
538,伊戈爾•克薩伊夫,Igor Kesaev,35,"煙草分銷, 零售",俄羅斯
538,李運強,Patrick Lee,35,紙業,香港
538,道格拉斯•萊昂內,Douglas Leone,35,創投,美國
538,林斌,Lin Bin,35,智能手機,美國
538,加布•紐厄爾,Gabe Newell,35,電子游戲,美國
538,彭雲鵬,Prajogo Pangestu,35,石化,印尼
538,安東尼•普利茲克,Anthony Pritzker,35,"酒店, 投資",美國
538,蘭德爾•羅林斯,Randall Rollins,35,害蟲控制,美國
538,亨利•薩繆里,Henry Samueli,35,半導體,美國
538,查爾斯•西蒙尼,Charles Simonyi,35,微軟,美國
565,卡皮爾•巴蒂亞和拉胡爾•巴蒂亞,Kapil & Rahul Bhatia,34,航空公司,印度
565,理查德•布蘭森,Richard Branson,34,維珍,英國
565,瑞克•卡魯索,Rick Caruso,34,房地產,美國
565,布巴•凱西,Bubba Cathy,34,Chick-fil-A,美國
565,丹•凱西,Dan Cathy,34,Chick-fil-A,美國
565,馬韓德拉•高格斯及家族,Mahendra Choksi & family,34,漆料,印度
565,董偉,Dong Wei,34,醫葯,中國內地
565,帕維爾•杜羅夫,Pavel Durov,34,訊息應用,俄羅斯
565,胡安•卡洛斯•埃斯科泰,Juan Carlos Escotet,34,銀行業,委內瑞拉
565,謝爾蓋•加利茨基,Sergei Galitsky,34,零售,俄羅斯
565,傑米•吉林斯基•巴卡爾,Jaime Gilinski Bacal,34,銀行業,哥倫比亞
565,何超瓊,Pansy Ho,34,博彩,香港
565,黃如論,Huang Rulun,34,房地產,中國內地
565,丹尼爾•克雷欽斯基,Daniel Kretinsky,34,能源供應,捷克共和國
565,米格爾•克裡格斯納,Miguel Krigsner,34,化妝品,巴西
565,路德維希•默克勒,Ludwig Merckle,34,醫葯,德國
565,森章及家族,Akira Mori & family,34,房地產,日本
565,邁克爾•莫里茨,Michael Moritz,34,創投,美國
565,J.B.普利茲克,J.B. Pritzker,34,"酒店, 投資",美國
565,小恩里克•雷頌,Enrique Razon Jr,34,港口,菲律賓
565,托馬斯•史密德海尼,Thomas Schmidheiny,34,水泥,瑞士
565,理查德•舒爾茨,Richard Schulze,34,百思買,美國
565,林恩•舒斯特曼,Lynn Schusterman,34,"油氣, 投資",美國
565,羅密什•T•瓦德哈尼,Romesh T. Wadhwani,34,軟體,美國
565,張勁,Zhang Jin,34,多元化經營,中國內地
590,維克拉姆•拉爾,Vikram Lal,33,摩托車,印度
590,簡•勞德,Jane Lauder,33,雅詩蘭黛,美國
590,林秀成及家族,Lin Xiucheng & family,33,電子,中國內地
590,穆罕默德•曼蘇爾,Mohamed Mansour,33,多元化經營,埃及
590,約翰•米德爾頓,John Middleton,33,煙草,美國
590,阿農•米爾坎,Arnon Milchan,33,電影製作,以色列
590,阿圖羅•莫雷諾,Arturo Moreno,33,"廣告牌, 洛杉磯安那罕天使隊",美國
590,邁克爾•奧托,Michael Otto,33,"零售, 房地產",德國
590,亞歷山大•波諾馬連科,Alexander Ponomarenko,33,"房地產, 機場",俄羅斯
590,德克•羅斯曼及家族,Dirk Rossmann & family,33,藥妝店,德國
590,施永巨集,Shi Yonghong & family,33,餐飲,中國內地
590,亞歷山大•斯庫羅波加特科,Alexander Skorobogatko,33,"房地產, 機場",俄羅斯
590,安東尼•馮曼德爾,Anthony von Mandl,33,酒精飲料,加拿大
590,梅格•惠特曼,Meg Whitman,33,eBay,美國
590,克裡斯托弗•澤勒,Christoph Zeller,33,牙種植體,列支敦斯登
590,馬希德•弗泰伊姆及家族,Majid Al Futtaim & family,33,"房地產, 零售",阿聯酋
590,穆哈德•阿利塔徳,Mohed Altrad,33,"腳手架, 水泥攪拌機",法國
590,莎麗•阿裡森,Shari Arison,33,嘉年華郵輪,以色列
590,約翰•阿諾德,John Arnold,33,對沖基金,美國
590,約翰•卡西馬蒂斯,John Catsimatidis,33,"石油, 房地產",美國
590,朱孟依及家族,Chu Mang Yee & family,33,房地產,中國內地
590,丹•弗萊德金,Dan Friedkin,33,豐田經銷店,美國
590,H•菲斯克•約翰遜,H. Fisk Johnson,33,清潔產品,美國
590,S•柯蒂斯•約翰遜,S. Curtis Johnson,33,清潔產品,美國
590,海倫•約翰遜-雷波德,Helen Johnson-Leipold,33,清潔產品,美國
590,溫弗雷德•約翰遜-馬奎特,Winifred Johnson-Marquart,33,清潔產品,美國
616,奇普•威爾遜,Chip Wilson,32,Lululemon,加拿大
616,徐鏡人,Xu Jingren,32,醫葯,中國內地
616,丹尼斯•約克及家族,Denise York & family,32,舊金山49人隊,美國
616,詹克團,Micree Zhan,32,加密貨幣礦機晶元,中國內地
616,張文中,Zhang Wenzhong,32,超市,中國內地
616,安德烈•巴比斯,Andrej Babis,32,農業,捷克共和國
616,蓋爾•本生,Gayle Benson,32,職業體育隊,美國
616,伯特•貝弗里奇,Bert Beveridge,32,伏特加,美國
616,查爾斯•科恩,Charles Cohen,32,房地產,美國
616,約翰•克裡森,John Collison,32,支付軟體,愛爾蘭
616,帕特裡克•克裡森,Patrick Collison,32,支付軟體,愛爾蘭
616,利昂•庫珀曼,Leon G. Cooperman,32,對沖基金,美國
616,亞基爾•加巴伊,Yakir Gabay,32,房地產,塞普勒斯
616,湯姆•格裡薩諾,Tom Golisano,32,薪酬服務,美國
616,喬納森•格雷,Jonathan Gray,32,投資,美國
616,馬丁•海夫納,Martin Haefner,32,"軟體, 投資",瑞士
616,老傑里米•雅各布斯及家族,Jeremy Jacobs Sr & family,32,食品服務,美國
616,薑濱,Jiang Bin,32,聲學組件,中國內地
616,小魯珀特•約翰遜,Rupert Johnson Jr,32,資金管理,美國
616,達里爾•卡茨,Daryl Katz,32,藥店,加拿大
616,肯•朗格尼,Ken Langone,32,投資,美國
616,岡瑟•萊曼及家族,Guenther Lehmann & family,32,藥妝店,德國
616,詹姆斯•勒普林諾,James Leprino,32,乳酪,美國
616,李海燕,Li Haiyan,32,餐飲,中國內地
616,羅納德•麥高利,Ronald McAulay,32,能源,香港
616,三木正浩,Masahiro Miki,32,鞋類,日本
616,約翰•莫裡斯,John Morris,32,體育商品零售,美國
616,漢斯•喬治•納德,Hans Georg Naeder,32,義肢,德國
616,保羅•馬利奧•羅卡和吉安菲利斯•馬利奧•羅卡,Paolo & Gianfelice Mario Rocca,32,管道製造業,義大利
616,馬克•羅恩,Marc Rowan,32,私募股權,美國
616,伊扎克•特蘇瓦,Yitzhak Tshuva,32,房地產,以色列
616,董建成,Tung Chee Chen,32,航運,香港
648,阿尼爾•阿加瓦爾及家族,Anil Agarwal & family,31,"礦業, 金屬",印度
648,伊戈爾•阿圖辛,Igor Altushkin,31,金屬,俄羅斯
648,阿蘭•布夏爾,Alain Bouchard,31,零售,加拿大
648,迪米特裡•巴赫曼,Dmitry Bukhman,31,網路游戲,俄羅斯
648,葉戈爾•巴赫曼,Igor Bukhman,31,網路游戲,俄羅斯
648,約翰•保羅•德約里爾,John Paul DeJoria,31,"頭髮產品, 龍舌蘭酒",美國
648,古斯塔沃•迪尼格裡,Gustavo Denegri,31,生物技術,義大利
648,伯納德•埃克萊斯頓及家族,Bernard Ecclestone & family,31,一級方程式,英國
648,阿蘭•戈德曼,Allan Goldman,31,房地產,美國
648,簡•戈德曼,Jane Goldman,31,房地產,美國
648,埃米•戈德曼•福勒,Amy Goldman Fowler,31,房地產,美國
648,托馬斯•哈根,Thomas Hagen,31,保險,美國
648,唐•漢基,Don Hankey,31,汽車貸款,美國
648,彼得•哈格裡夫斯,Peter Hargreaves,31,金融服務,英國
648,黃立,Huang Li,31,成像系統,中國內地
648,爾曼•伊利卡克,Erman Ilicak,31,建築施工,土耳其
648,伊藤雅俊,Masatoshi Ito,31,零售,日本
648,戴安•坎珀爾,Diane Kemper,31,房地產,美國
648,呂向陽,Lu Xiangyang,31,"汽車, 電池",中國內地
648,丹尼爾•奧奇,Daniel Och,31,對沖基金,美國
648,樸淵次,Park Yeon-cha,31,運動鞋,南韓
648,卡雷爾•科瑪列克,Karel Komarek,31,"油氣, IT",捷克共和國
648,卡珊•帕特爾,Karsanbhai Patel,31,消費品,印度
648,托馬斯•普利茲克,Thomas Pritzker,31,"酒店, 投資",美國
648,尼古拉斯•皮埃什,Nicolas Puech,31,愛馬仕,法國
648,小愛德華•羅斯基,Edward Roski Jr,31,房地產,美國
648,約翰•薩爾,John Sall,31,軟體,美國
648,凱魯•丹絨,Chairul Tanjung,31,多元化經營,印尼
648,阿布合•瓦基爾及家族,Abhay Vakil & family,31,漆料,印度
648,吳志剛及家族,Wu Zhigang & family,31,麵包連鎖店,中國內地
648,史蒂夫•韋恩,Steve Wynn,31,"博彩, 酒店",美國
648,易崢,Yi Zheng,31,軟體,中國內地
680,巴裡•迪勒,Barry Diller,30,網路媒體,美國
680,貝內特•多蘭斯,Bennett Dorrance,30,金寶湯,美國
680,方威,Fang Wei,30,鋼鐵,中國內地
680,皮耶羅•法拉利,Piero Ferrari,30,汽車,義大利
680,傅利泉,Fu Liquan,30,監控設備,中國內地
680,克裡斯蒂安•豪布,Christian Haub,30,零售,德國
680,海蒂•霍滕,Heidi Horten,30,零售,奧地利
680,詹姆斯•埃爾舍,James Irsay,30,印第安納波利斯小馬隊,美國
680,李泰,Thai Lee,30,IT提供商,美國
680,梁安琪,Angela Leong,30,博彩,香港
680,李留法及家族,Li Liufa & family,30,"鋼鐵, 多元化經營",中國內地
680,約瑟夫•萊曼特,Joseph Liemandt,30,軟體,美國
680,托比•盧克,Tobi Lutke,30,電商,加拿大
680,格溫多琳•松泰姆•邁耶,Gwendolyn Sontheim Meyer,30,嘉吉,美國
680,潘政民及家族,Benjamin Zhengmin Pan & family,30,電子,中國內地
680,黃嘉兒及家族,Carrie Perrodo & family,30,石油,法國
680,艾拉•雷納特,Ira Rennert,30,投資,美國
680,納吉布•薩維裡斯,Naguib Sawiris,30,電信,埃及
680,霍華德•舒爾茲,Howard Schultz,30,星巴克,美國
680,托馬斯•塞康達,Thomas Secunda,30,彭博公司,美國
680,埃里克•斯密特,Eric Smidt,30,硬體商店,美國
680,巴裡•斯滕力施特,Barry Sternlicht,30,私募股權,美國
680,徐慶培,Suh Kyung-bae,30,化妝品,南韓
680,小威廉•瑞格利,William Wrigley Jr,30,口香糖,美國
680,俞敏洪,Michael Minhong Yu,30,教育,中國內地
680,於泳,Yu Yong,30,礦業,中國內地
680,卡爾•貝內特,Carl Bennet,30,投資,瑞典
680,馬丁•布伊格和奧利佛•布伊格,Martin & Olivier Bouygues,30,"建築施工, 媒體",法國
680,奧蘭多•布拉沃,Orlando Bravo,30,私募股權,美國
680,約翰•布朗,John Brown,30,醫療設備,美國
680,朱塞佩•德龍及家族,Giuseppe De'Longhi & family,30,咖啡機,義大利
680,拉斐爾•德皮諾•卡爾沃-索特洛,Rafael Del Pino y Calvo-Sotelo,30,建築施工,西班牙
712,阿布杜薩瑪德•拉比烏,Abdulsamad Rabiu,29,"水泥, 糖類",奈及利亞
712,邁克爾•魯賓,Michael Rubin,29,網路零售,美國
712,帕特裡克•賴安,Patrick Ryan,29,保險,美國
712,伯納德•索爾二世,Bernard Saul II,29,"銀行業, 房地產",美國
712,馬克•舒恩,Mark Shoen,29,U-Haul,美國
712,宿華,Su Hua,29,視頻流媒體,中國內地
712,格倫•泰勒,Glen Taylor,29,印刷,美國
712,王振東,Wang Zhendong,29,教育,中國內地
712,漢斯•彼得•維爾德,Hans Peter Wild,29,香精香料,瑞士
712,黃聯禧,Wong Luen Hei,29,建材,中國內地
712,薛向東及家族,Xue Xiangdong & family,29,軟體,中國內地
712,安田隆夫,Takao Yasuda,29,零售,日本
712,鄭淑良及家族,Zheng Shuliang & family,29,鋁產品,中國內地
712,周建平,Zhou Jianping,29,時尚零售,中國內地
712,胡安•阿韋略,Juan Abello,29,投資,西班牙
712,理查德•錢德勒,Richard Chandler,29,投資,紐西蘭
712,陳建華,Chen Jianhua,29,化工,中國內地
712,陳泰銘,Pierre Chen,29,電子,臺灣
712,斯科特•庫克,Scott Cook,29,軟體,美國
712,丹尼爾•德安尼埃羅,Daniel D'Aniello,29,私募股權,美國
712,安德列•艾斯泰維斯,Andre Esteves,29,銀行業,巴西
712,約翰•甘德爾,John Gandel,29,百貨中心,澳大利亞
712,邁克爾•辛茲,Michael Hintze,29,投資,澳大利亞
712,史蒂芬•科林斯基,Steven Klinsky,29,投資,美國
712,權赫彬,Kwon Hyuk-bin,29,網路游戲,南韓
712,漢斯•朗格,Hans Langer,29,3D列印,德國
712,魯道夫•馬格,Rudolf Maag,29,醫療器械,瑞士
712,野田順弘,Masahiro Noda,29,軟體,日本
712,丹尼斯•奧布賴恩,Denis O'Brien,29,電信,愛爾蘭
712,丹•奧爾森,Dan Olsson,29,多元化經營,瑞典
712,潘卡•帕特爾,Pankaj Patel,29,醫葯,印度
743,皮埃爾•貝龍及家族,Pierre Bellon & family,28,食品服務,法國
743,尤爾根•布利克勒,Juergen Blickle,28,汽車零件,德國
743,傑伊•喬德利,Jay Chaudhry,28,安全軟體,美國
743,奧托•哈佩爾,Otto Happel,28,工程,德國
743,詹姆斯•簡納德,James Jannard,28,太陽鏡,美國
743,金範秀,Kim Beom-su,28,網路服務,南韓
743,鐵木爾•庫利巴耶夫,Timur Kulibaev,28,銀行業,哈薩克
743,迪納拉•庫利巴耶娃,Dinara Kulibaeva,28,銀行業,哈薩克
743,理查德•勒弗拉克及家族,Richard LeFrak & family,28,房地產,美國
743,丹尼爾•勒布,Daniel Loeb,28,對沖基金,美國
743,小斯蒂芬•曼德爾,Stephen Mandel Jr,28,對沖基金,美國
743,喬•曼索托,Joe Mansueto,28,投資研究,美國
743,菲利普•尼阿喬斯,Philip Niarchos,28,藝術收藏,希臘
743,瑪雅•奧里,Maja Oeri,28,醫葯,瑞士
743,柯為湘,Or Wai Sheun,28,房地產,香港
743,克裡夫•鮑爾默,Clive Palmer,28,礦業,澳大利亞
743,邱光和及家族,Qiu Guanghe & family,28,時尚零售,中國內地
743,阿卡迪•羅滕伯格,Arkady Rotenberg,28,"建築施工, 管道",管道
743,大衛•魯賓斯坦,David Rubenstein,28,私募股權,美國
743,蘇素玉及家族,Su Suyu & family,28,"公用事業, 房地產",中國內地
743,張濤,Zhang Tao,28,電商,中國內地
764,拉爾夫•多摩莫斯,Ralph Dommermuth,27,互聯網服務提供商,德國
764,馮海良,Feng Hailiang,27,"銅, 教育",中國內地
764,吉米•哈斯拉姆,Jimmy Haslam,27,"加油站, 零售",美國
764,格奧爾格•豪布,Georg Haub,27,零售,德國
764,扎拉卡•伊利耶夫,Zarakh Iliev,27,房地產,俄羅斯
764,江南春,Jason Jiang,27,廣告,中國內地
764,柯尊洪及家族,Ke Zunhong & family,27,醫葯,中國內地
764,彼得•凱洛格,Peter Kellogg,27,投資,美國
764,內森•基爾什,Nathan Kirsh,27,"零售, 房地產",伊斯瓦蒂尼 (史瓦濟蘭)
764,埃里克•萊夫科夫斯基,Eric Lefkofsky,27,Groupon,美國
764,李仲初,Li Zhongchu,27,軟體,中國內地
764,瑪麗安•裡布曼,Marianne Liebmann,27,嘉吉,美國
764,馬丁•羅倫森,Martin Lorentzon,27,Spotify,瑞典
764,傑弗里•盧里,Jeffrey Lurie,27,費城老鷹隊,美國
764,小德雷頓•麥克萊恩,Drayton McLane Jr,27,"沃爾瑪, 物流",美國
764,歐文•弗朗茨•穆勒,Erwin Franz Mueller,27,藥妝店,德國
764,亨利•尼古拉斯三世,Henry Nicholas III,27,半導體,美國
764,高德•尼薩洛夫,God Nisanov,27,房地產,俄羅斯
764,肖恩•帕克,Sean Parker,27,Facebook,美國
764,鮑勃•帕森斯,Bob Parsons,27,網頁伺服,美國
764,霍斯特•朱利葉斯•普德維爾,Horst Julius Pudwill,27,製造業,德國
764,昌德魯•拉赫賈,Chandru Raheja,27,房地產,印度
764,安東尼•雷斯勒,Antony Ressler,27,金融,美國
764,哈伊姆•薩班,Haim Saban,27,"電視網, 投資",美國
764,舒萍,Shu Ping,27,餐飲,新加坡
764,弗雷德•史密斯,Fred Smith,27,聯邦快遞,美國
764,喬恩•斯瑞克,Jon Stryker,27,醫療設備,美國
764,孫懷慶及家族,Sun Huaiqing & family,27,化妝品,中國內地
764,蔡明興,Richard Tsai,27,金融,臺灣
764,布拉特•烏泰穆拉托夫,Bulat Utemuratov,27,"礦業, 銀行業",銀行業
764,唐•瓦爾塔吉歐及家族,Don Vultaggio & family,27,飲料,美國
764,馬克•沃爾特,Mark Walter,27,金融,美國
764,尹衍樑,Samuel Yin,27,零售,臺灣
764,安東尼•班福德及家族,Anthony Bamford & family,27,建築施工設備,英國
764,伯納德•布略耳曼,Bernard Broermann,27,醫院,德國
764,亞歷杭德羅•巴爾格洛尼,Alejandro Bulgheroni,27,油氣,阿根廷
764,奧斯汀•卡吉爾二世,Austen Cargill II,27,嘉吉,美國
764,詹姆斯•卡吉爾二世,James Cargill II,27,嘉吉,美國
764,侯業順,Vanich Chaiyawan,27,"保險, 飲料",泰國
764,小威廉•康威,William Conway Jr,27,私募股權,美國
804,胡柏藩,Hu Baifan,26,醫葯,中國內地
804,B• 韋恩•休斯,B. Wayne Hughes,26,自助存儲,美國
804,特拉維斯•卡拉尼克,Travis Kalanick,26,優步,美國
804,關錦安及家族,Kuan Kam Hon & family,26,合成手套,馬來西亞
804,拉吉•庫瑪和吉辛•RK,Raj Kumar & Kishin RK,26,房地產,新加坡
804,克裡斯•拉森,Chris Larsen,26,加密貨幣,美國
804,米歇爾•雷勒克及家族,Michel Leclercq & family,26,體育商品,法國
804,盧志強,Lu Zhiqiang,26,房地產,中國內地
804,基蘭•瑪朱姆達-肖,Kiran Mazumdar-Shaw,26,生物技術,印度
804,帕萬•穆賈爾及家族,Pawan Munjal & family,26,摩托車,印度
804,果爾格•內梅切克及家族,Georg Nemetschek & family,26,軟體,德國
804,邁克爾•皮珀,Michael Pieper,26,廚房用具,瑞士
804,塞巴斯蒂安•皮涅拉及家族,Sebastian Pi?era & family,26,投資,智利
804,約翰•普利茲克,John Pritzker,26,"酒店, 投資",美國
804,薩姆納•雷德斯通,Sumner Redstone,26,媒體,美國
804,丹•斯奈德,Dan Snyder,26,華盛頓紅皮隊,美國
804,托馬斯•施特勞曼,Thomas Straumann,26,牙種植體,瑞士
804,勞倫斯•斯特羅爾,Lawrence Stroll,26,時尚投資,加拿大
804,伊瓦爾•托勒弗森,Ivar Tollefsen,26,房地產,挪威
804,蔡巨集圖,Tsai Hong-tu,26,金融,臺灣
804,泰伊•華納,Ty Warner,26,"房地產, 毛絨玩具",美國
804,張力,Zhang Li,26,房地產,中國內地
804,克裡福德•阿斯尼斯,Clifford Asness,26,資金管理,美國
804,威廉•伯克利,William Berkley,26,保險,美國
804,伊娃•瑪麗亞•布赫-海夫納,Eva Maria Bucher-Haefner,26,"軟體, 投資",瑞士
804,吉姆•科爾特,Jim Coulter,26,私募股權,美國
804,吉姆•戴維斯,Jim Davis,26,人力資源服務 & 招聘,美國
804,約翰•多蘭斯三世,John Dorrance III,26,金寶湯,愛爾蘭
804,傑克•多爾西,Jack Dorsey,26,"Twitter, Square",美國
804,伊凡•格拉森伯格,Ivan Glasenberg,26,礦業,瑞士
804,諾姆•戈特斯曼,Noam Gottesman,26,對沖基金,美國
804,約翰•亨利,John Henry,26,體育,美國
836,李水榮,Li Shuirong,25,石化,中國內地
836,李思廉,Li Sze Lim,25,房地產,香港
836,劉忠田及家族,Liu Zhongtian & family,25,鋁產品,中國內地
836,塞爾吉奧•曼特加扎,Sergio Mantegazza,25,旅行,瑞士
836,拉維•皮萊,Ravi Pillai,25,建築施工,印度
836,潘妮•普利茲克,Penny Pritzker,25,"酒店, 投資",美國
836,倫佐•羅索及家族,Renzo Rosso & family,25,時尚,義大利
836,羅伯特•羅琳,Robert Rowling,25,"酒店, 投資",美國
836,菲爾•拉芬,Phil Ruffin,25,"博彩, 房地產",美國
836,赫伯•西蒙,Herb Simon,25,房地產,美國
836,馬克•斯蒂文斯,Mark Stevens,25,創投,美國
836,孫壽寬,Sun Shoukuan,25,"金屬, 煤炭",中國內地
836,艾倫•特雷弗蕾,Alan Trefler,25,軟體,美國
836,蔡政達,Tsai Cheng-ta,25,金融,臺灣
836,董建華,Tung Chee Hwa,25,航運,香港
836,彼得•昂格爾,Peter Unger,25,汽車修理,德國
836,奧普拉•溫弗瑞,Oprah Winfrey,25,電視劇,美國
836,莫蒂默•朱克曼,Mortimer Zuckerman,25,"房地產, 媒體",美國
836,布萊恩•阿克頓,Brian Acton,25,WhatsApp,美國
836,邁克爾•阿什利,Michael Ashley,25,體育零售,英國
836,萊納•布利克勒,Rainer Blickle,25,汽車零件,德國
836,約翰•考德韋爾,John Caudwell,25,手機,英國
836,張虔生,Jason Chang,25,電子,新加坡
836,朱章元,Choo Chong Ngen,25,酒店,新加坡
836,鄭夢九,Chung Mong-koo,25,現代,南韓
836,馬丁•艾博內,Martin Ebner,25,投資,瑞士
836,阿爾奇•奧爾迪斯•伊莫森及家族,Archie Aldis Emmerson & family,25,"林地, 伐木場",美國
836,朱迪•福克納,Judy Faulkner,25,健康IT,美國
836,菲利普•弗德賽,Philippe Foriel-Destezet,25,就業機構,法國
836,鮑勃•加戈拉迪,Bob Gaglardi,25,酒店,加拿大
836,盧卡•加拉沃格利亞,Luca Garavoglia,25,烈酒,義大利
836,彼得•加斯納,Peter Gassner,25,軟體,美國
836,黃毅,Huang Yi,25,汽車經銷店,香港
836,約翰納爾•亨特,Johnelle Hunt,25,卡車運輸,美國
836,亞瑟•歐文,Arthur Irving,25,石油,加拿大
836,山姆威爾•卡拉佩特延,Samvel Karapetyan,25,房地產,俄羅斯
836,郭令明,Kwek Leng Beng,25,多元化經營,新加坡
836,郭基俊,Geoffrey Kwok,25,房地產,香港
836,馬利查•拉扎里及家族,Maritsa Lazari & family,25,房地產,英國
875,E. 喬•舒恩,E. Joe Shoen,24,U-Haul,美國
875,岑釗雄及家族,Shum Chiu Hung & family,24,房地產,中國內地
875,齊格蒙特•索羅茨-扎克,Zygmunt Solorz-Zak,24,電視轉播,波蘭
875,多田勝美,Katsumi Tada,24,房地產,日本
875,蔡明忠,Daniel Tsai,24,金融,臺灣
875,赫伯特•威騰,Herbert Wertheim,24,投資,美國
875,楊致遠,Jerry Yang,24,雅虎,美國
875,邢李?,Michael Ying,24,零售,香港
875,張道才,Zhang Daocai,24,閥門,中國內地
875,雷納托•阿克梅托夫,Rinat Akhmetov,24,"鋼鐵, 煤炭",烏克蘭
875,喬治•畢夏普,George Bishop,24,油氣,美國
875,諾曼•布萊曼,Norman Braman,24,"藝術品, 汽車經銷店",美國
875,讓•庫都及家族,Jean Coutu & family,24,藥妝店,加拿大
875,亞歷山大•弗羅洛夫,Alexander Frolov,24,"礦業, 鋼鐵",俄羅斯
875,拉克什•甘瓦爾,Rakesh Gangwal,24,航空公司,美國
875,厄內斯特•加西亞二世,Ernest Garcia II,24,二手車,美國
875,保羅•高斯曼及家族,Paul Gauselmann & family,24,博彩,德國
875,哈羅德•哈姆及家族,Harold Hamm & family,24,油氣,美國
875,愛德華•約翰遜四世,Edward Johnson IV,24,資金管理,美國
875,伊麗莎白•約翰遜,Elizabeth Johnson,24,資金管理,美國
875,布拉德•凱利,Brad Kelley,24,煙草,美國
875,艾麗西亞•科普洛維茨,Alicia Koplowitz,24,"建築施工, 投資",西班牙
875,Kwek Leng Kee,Kwek Leng Kee,24,多元化經營,新加坡
875,梁信軍,Liang Xinjun,24,聯合大企業,中國內地
875,劉漢元,Liu Hanyuan,24,農產業,中國內地
875,劉金成及家族,Liu Jincheng & family,24,鋰電池,中國內地
875,迪恩•梅特珀羅斯,C. Dean Metropoulos,24,投資,美國
875,理查德•佩里,Richard Peery,24,房地產,美國
875,裴振華,Pei Zhenhua,24,電池,中國內地
875,普拉瑟特•普拉薩通-奧索斯,Prasert Prasarttong-Osoth,24,醫院,泰國
875,阿爾貝托•羅耶梅斯,Alberto Roemmers,24,醫葯,阿根廷
875,傑夫•羅斯柴爾德,Jeff Rothschild,24,Facebook,美國
875,維傑•舍卡爾•沙爾瑪,Vijay Shekhar Sharma,24,金融科技,印度
908,王燕清及家族,Wang Yanqing & family,23,電氣設備,中國內地
908,古斯塔夫•馬格納爾•魏佐,Gustav Magnar Witzoe,23,魚類養殖,挪威
908,葉澄海及家族,Ye Chenghai & family,23,醫葯,香港
908,羅恩•拜倫,Ron Baron,23,資金管理,美國
908,伊馮•鮑爾,Yvonne Bauer,23,媒體,德國
908,奧托•菲利浦•布勞恩,Otto Philipp Braun,23,醫療技術,德國
908,吉姆•佈雷耶,Jim Breyer,23,創投,美國
908,查爾斯•布朗夫曼,Charles Bronfman,23,酒類,加拿大
908,維維克•昌德•博緬,Vivek Chand Burman,23,消費品,印度
908,蔡東晨,Cai Dongchen,23,醫葯,中國內地
908,程正昌 & 蔣佩琪,Andrew & Peggy Cherng,23,餐飲,美國
908,奧列格•德里帕斯卡,Oleg Deripaska,23,"鋁, 公用事業",俄羅斯
908,阿比利奧•多斯桑托斯•迪尼茲,Abilio dos Santos Diniz,23,零售,巴西
908,董凡,Dong Fan,23,醫療器械,中國內地
908,韓昌祐及家族,Chang-Woo Han & family,23,柏青哥機,日本
908,霍滕西亞•赫雷羅,Hortensia Herrero,23,超市,西班牙
908,拉維•齋浦里亞,Ravi Jaipuria,23,軟飲料,印度
908,維克托•卡利托寧,Viktor Kharitonin,23,醫葯,俄羅斯
908,柯特•克裡格爾,Kurt Krieger,23,傢具零售,德國
908,林敏雄,Lin Ming-hsiung,23,超市,臺灣
908,劉明輝,Liu Ming Hui,23,天然氣分銷,中國內地
908,陸正耀,Charles Zhengyao Lu,23,"咖啡連鎖, 汽車租賃",中國內地
908,亞歷山大•馬穆特,Alexander Mamut,23,投資,俄羅斯
908,克萊頓•馬蒂爾,Clayton Mathile,23,寵物食品,美國
908,詹姆斯•帕克,James Packer,23,博彩,澳大利亞
908,丹尼爾•普利茲克,Daniel Pritzker,23,"酒店, 投資",美國
908,珍•普利茲克,Jean (Gigi) Pritzker,23,"酒店, 投資",美國
908,斯圖爾特•拉赫爾,Stewart Rahr,23,藥品分銷,美國
908,弗里特•法伊克•薩罕克,Ferit Faik Sahenk,23,多元化經營,土耳其
908,莊佳誠,Jean Salata,23,金融,智利
908,理查德•桑茲,Richard Sands,23,酒類,美國
908,斯蒂芬•史密德海尼,Stephan Schmidheiny,23,投資,瑞士
908,吉爾•舍伍德,Gil Shwed,23,軟體,以色列
908,沃倫•史蒂芬斯,Warren Stephens,23,投資銀行業,美國
908,彼得•泰爾,Peter Thiel,23,"Facebook, Palantir",美國
908,馬克西米利安•菲斯曼,Maximilian Viessmann,23,加熱與製冷設備,德國
908,大衛•瓦倫塔斯,David Walentas,23,房地產,美國
945,繆西婭•普拉達,Miuccia Prada,22,奢侈品,義大利
945,沙希•魯雅和拉維•魯雅,Shashi & Ravi Ruia,22,多元化經營,印度
945,羅斯利•施魏策爾,Rosely Schweizer,22,消費品,德國
945,帕吉歐•貝爾特利,Patrizio Bertelli,22,奢侈品,義大利
945,布萊恩•謝斯,Brian Sheth,22,投資,美國
945,程一笑,Cheng Yixiao,22,視頻流媒體應用,中國內地
945,卡維塔克•拉姆•斯里蘭姆,Kavitark Ram Shriram,22,"創投, 谷歌",美國
945,本•切斯納特,Ben Chestnut,22,電子郵件營銷,美國
945,施文博,Sze Man Bok,22,衛生產品,中國內地
945,托德•克裡斯托弗,Todd Christopher,22,護髮產品,美國
945,鄧耀,Tang Yiu,22,時尚零售,香港
945,詹姆斯•克拉克,James Clark,22,"Netscape, 投資",美國
945,阿溫•蒂古,Arvind Tiku,22,"油氣, 投資",印度
945,詹姆斯•迪南,James Dinan,22,對沖基金,美國
945,童錦泉,Tong Jinquan,22,房地產,中國內地
945,比爾吉特•道格拉斯,Bergit Douglas,22,消費品,德國
945,蔡鎮宇,T.Y. Tsai,22,金融,臺灣
945,多麗絲•費舍爾,Doris Fisher,22,Gap,美國
945,科爾茨•沃倫,Kelcy Warren,22,管線,美國
945,林賽•福克斯,Lindsay Fox,22,"物流, 房地產",澳大利亞
945,吳少勛,Wu Shaoxun,22,酒類,中國內地
945,高德康及家族,Gao Dekang & family,22,服裝,中國內地
945,喬恩•亞伯勒,Jon Yarbrough,22,電子游戲,美國
945,菲利普•吉內斯特,Philippe Ginestet,22,零售店,法國
945,巴裡•齊格爾曼,Barry Zekelman,22,鋼鐵,加拿大
945,米切爾•古德哈,Mitchell Goldhar,22,房地產,加拿大
945,張學政,Zhang Xuezheng,22,電信,中國內地
945,約瑟夫•格林迪斯,Joseph Grendys,22,禽類產品加工,美國
945,左暉,Zuo Hui,22,房地產服務,中國內地
945,漢斯-維爾納•赫克托,Hans-Werner Hector,22,SAP,德國
945,傑弗里•希爾德布蘭德,Jeffery Hildebrand,22,石油,美國
945,黃振達及家族,Huang Zhenda & family,22,建築施工,中國內地
945,米基•加提亞尼,Micky Jagtiani,22,零售,印度
945,蔣衛平及家族,Jiang Weiping & family,22,化工,中國內地
945,布魯斯•卡什,Bruce Karsh,22,私募股權,美國
945,吉姆•卡瓦納夫,Jim Kavanaugh,22,IT提供商,美國
945,丹•庫奇伍茲,Dan Kurzius,22,電子郵件營銷,美國
945,威廉•勞德,William Lauder,22,雅詩蘭黛,美國
945,李振國及家族,Li Zhenguo & family,22,光伏產品,中國內地
945,林耀英,Scott Lin,22,光學組件,臺灣
945,哈拉爾•林克,Harald Link,22,多元化經營,泰國
945,亞辛•曼蘇爾,Yasseen Mansour,22,多元化經營,埃及
945,茅理翔及家族,Mao Lixiang & family,22,廚電,中國內地
945,霍華德•馬克斯,Howard Marks,22,私募股權,美國
945,吉勒斯•馬丁,Gilles Martin,22,實驗室服務,法國
945,塔哈•米卡提,Taha Mikati,22,電信,黎巴嫩
945,法哈德•莫胥禮,Farhad Moshiri,22,多元化經營,英國
945,亞歷山大•涅西斯,Alexander Nesis,22,"金屬, 銀行業",銀行業
945,阿爾弗雷德•厄特克爾,Alfred Oetker,22,消費品,德國
945,奧古斯特•厄特克爾,August Oetker,22,消費品,德國
945,卡爾•斐迪南•厄特克爾,Carl Ferdinand Oetker,22,消費品,德國
945,克裡斯汀•厄特克爾,Christian Oetker,22,消費品,德國
945,茱莉亞•厄特克爾,Julia Oetker,22,消費品,德國
945,理查德•厄特克爾,Richard Oetker,22,消費品,德國
945,歐宗榮,Ou Zongrong,22,房地產,中國內地
945,潘偉明,Pan Weiming,22,房地產,中國內地
1001,德米特裡•卡門斯契克,Dmitry Kamenshchik,21,機場,俄羅斯
1001,孔健岷,Kong Jian Min,21,房地產,中國內地
1001,郭孔豐,Kuok Khoon Hong,21,棕櫚油,新加坡
1001,郭基輝,Adam Kwok,21,房地產,香港
1001,海基•科斯提亞,Heikki Kyostila,21,牙科產品,芬蘭
1001,斯蒂芬•蘭斯當,Stephen Lansdown,21,金融服務,根西
1001,克裡斯蒂安•拉杜什,Christian Latouche,21,會計服務,法國
1001,艾琳•勞德,Aerin Lauder,21,化妝品,美國
1001,亨利•勞費爾,Henry Laufer,21,對沖基金,美國
1001,李丐騰,Li Gaiteng,21,吹風機,中國內地
1001,李衛偉,Li Weiwei,21,網路游戲,中國內地
1001,林建華及家族,Lin Jianhua & family,21,太陽能板部件,中國內地
1001,羅立國及家族,Luo Liguo & family,21,化工,中國內地
1001,伊戈爾•馬卡洛夫,Igor Makarov,21,投資,俄羅斯
1001,納吉布•米卡提,Najib Mikati,21,電信,黎巴嫩
1001,阮氏芳邵族,Nguyen Thi Phuong Thao,21,航空公司,越南
1001,胡斯魯•奧茲耶金,Husnu Ozyegin,21,"金融, 多元化經營",土耳其
1001,阿卜杜拉•弗泰伊姆及家族,Abdulla Al Futtaim & family,21,"汽車經銷, 投資",阿聯酋
1001,傑伊•保羅,Jay Paul,21,房地產,美國
1001,約翰•阿裡拉加,John Arrillaga,21,房地產,美國
1001,李智正,Krit Ratanarak,21,"媒體, 房地產",泰國
1001,比爾•奧斯汀,Bill Austin,21,助聽設備,美國
1001,阿列克謝•列皮克,Alexey Repik,21,醫葯,俄羅斯
1001,蘇海勒•巴萬,Suhail Bahwan,21,多元化經營,阿曼
1001,菲麗茲•薩罕克,Filiz Sahenk,21,多元化經營,土耳其
1001,侯斯里•巴蒂斯塔,Joesley Batista,21,牛肉加工,巴西
1001,亞歷杭德羅•桑托•多明戈,Alejandro Santo Domingo,21,啤酒,美國
1001,衛斯理•巴蒂斯塔,Wesley Batista,21,牛肉包裝,巴西
1001,安德烈斯•桑托•多明戈,Andres Santo Domingo,21,啤酒,美國
1001,陳金霞,Chen Jinxia,21,投資,中國內地
1001,倫納德•施萊弗爾,Leonard Schleifer,21,醫葯,美國
1001,陳凱旋,Chen Kaixuan,21,家用化學品,中國內地
1001,沈國軍,Shen Guojun,21,零售,中國內地
1001,陳學利,Chen Xueli,21,醫療器械,中國內地
1001,唐納德•特朗普,Donald Trump,21,房地產,美國
1001,池宇峰,Chi Yufeng,21,軟體,中國內地
1001,特德•特納,Ted Turner,21,有線電視,美國
1001,約翰•科茨,John Coates,21,網路博彩,英國
1001,宇野正晃及家族,Masateru Uno & family,21,藥妝店,日本
1001,查爾斯•艾德斯坦納,Charles Edelstenne,21,航空,法國
1001,斯蒂凡•馮•霍茲布林克,Stefan von Holtzbrinck,21,出版,德國
1001,阿爾西奧•埃里阿斯•費爾德曼,Alceu Elias Feldmann,21,肥料,巴西
1001,王希成及家族,Wang Xicheng & family,21,輪胎,中國內地
1001,胡塞•菲力西亞諾,Jose Feliciano,21,私募股權,美國
1001,威廉•揚,William Young,21,塑料,美國
1001,卡洛•費達尼,Carlo Fidani,21,房地產,加拿大
1001,查爾斯•澤加爾,Charles Zegar,21,彭博公司,美國
1001,大衛•費羅,David Filo,21,雅虎,美國
1001,張軒松,Zhang Xuansong,21,超市,中國內地
1001,約翰•費舍爾,John Fisher,21,Gap,美國
1001,張學信及家族,Zhang Xuexin & family,21,鋁,中國內地
1001,傑拉爾德•福特,Gerald Ford,21,銀行業,美國
1001,趙偉國,Zhao Weiguo,21,IT產品,中國內地
1001,戈登•蓋蒂,Gordon Getty,21,Getty Oil,美國
1001,周八斤,Zhou Bajin,21,汽車零件,中國內地
1001,菲利普•格林和克裡斯蒂娜•格林,Philip & Cristina Green,21,時尚零售,英國
1001,傑弗里•岡拉克,Jeffrey Gundlach,21,投資,美國
1001,薇諾德•古普塔和阿尼爾•萊伊•古普塔,Vinod & Anil Rai Gupta,21,電氣設備,印度
1001,米哈伊爾•古瑟里夫,Mikhail Gutseriev,21,"石油, 房地產",俄羅斯
1001,黃世再,Huang Shih Tsai,21,房地產,香港
1001,許連捷,Hui Lin Chit,21,衛生產品,中國內地
1001,邁克爾•喬丹,Michael Jordan,21,"夏洛特黃蜂隊, 代言",美國
1063,曹龍祥及家族,Cao Longxiang & family,20,醫葯,中國內地
1063,小H•羅斯•佩羅,H. Ross Perot Jr,20,房地產,美國
1063,陳華,Chen Hua,20,房地產,中國內地
1063,琳達•普利茲克,Linda Pritzker,20,"酒店, 投資",美國
1063,陳得福,Chen Tei-fu,20,草藥產品,臺灣
1063,羅德尼•薩克斯,Rodney Sacks,20,能量飲料,美國
1063,曹德旺,Cho Tak Wong,20,汽車零件,香港
1063,T•丹尼•桑福德,T. Denny Sanford,20,"銀行業, 信用卡",美國
1063,德莫特•德斯蒙德,Dermot Desmond,20,金融,愛爾蘭
1063,埃里克•塞林,Erik Selin,20,房地產,瑞典
1063,恩尼奧•多瑞斯及家族,Ennio Doris & family,20,金融服務,義大利
1063,沈文榮,Shen Wenrong,20,鋼鐵生產,中國內地
1063,格倫•杜賓,Glenn Dubin,20,對沖基金,美國
1063,克裡•斯托克斯,Kerry Stokes,20,"建築施工設備, 媒體",澳大利亞
1063,貝達德•艾格巴裡,Behdad Eghbali,20,私募股權,美國
1063,康斯坦丁•斯圖魯科夫,Konstantin Strukov,20,"黃金, 煤礦",俄羅斯
1063,丹尼爾•艾克,Daniel Ek,20,Spotify,瑞典
1063,帕特•斯瑞克,Pat Stryker,20,醫療設備,美國
1063,馬賽爾•埃爾尼,Marcel Erni,20,私募股權,瑞士
1063,孫廣信,Sun Guangxin,20,多元化經營,中國內地
1063,肯尼斯•菲爾德及家族,Kenneth Feld & family,20,現場娛樂活動,美國
1063,亞歷山大•斯維塔科夫,Alexander Svetakov,20,房地產,俄羅斯
1063,馬科斯•蓋爾珀林,Marcos Galperin,20,電商,阿根廷
1063,Hans Sy,Hans Sy,20,多元化經營,菲律賓
1063,阿爾弗雷德•岡特內,Alfred Gantner,20,私募股權,瑞士
1063,Herbert Sy,Herbert Sy,20,多元化經營,菲律賓
1063,亞歷山德拉•加拉沃格利亞,Alessandra Garavoglia,20,烈酒,義大利
1063,田明,Tian Ming,20,測量儀器,中國內地
1063,菲奧娜•傑明德,Fiona Geminder,20,製造業,澳大利亞
1063,文森特•維奧拉,Vincent Viola,20,電子交易,美國
1063,耿建明,Geng Jianming,20,房地產,中國內地
1063,羅納德•威尼克,Ronald Wanek,20,傢具,美國
1063,亞歷克•戈爾斯,Alec Gores,20,私募股權,美國
1063,烏爾斯•威特裡斯巴赫,Urs Wietlisbach,20,私募股權,瑞士
1063,大衛•戈特斯曼,David Gottesman,20,投資,美國
1063,吳光明,Wu Guangming,20,醫療設備,中國內地
1063,亞歷山大•格雷頓•巴泰勒,Alexandre Grendene Bartelle,20,鞋類,巴西
1063,艾米•懷斯,Amy Wyss,20,醫療設備,美國
1063,斯泰因•埃里克•哈根,Stein Erik Hagen,20,消費品,挪威
1063,徐傳化及家族,Xu Chuanhua & family,20,"化工, 物流",中國內地
1063,卡羅琳•哈根•克約斯,Caroline Hagen Kjos,20,聯合大企業,挪威
1063,閻志,Yan Zhi,20,房地產,中國內地
1063,卡洛斯•漢克•羅恩,Carlos Hank Rhon,20,銀行業,墨西哥
1063,鐘睒睒,Zhong Shanshan,20,"飲料, 醫葯",中國內地
1063,巴哈•哈裡裡,Bahaa Hariri,20,"房地產, 投資",黎巴嫩
1063,何朝曦,He Zhaoxi,20,軟體,中國內地
1063,斯坦利•哈伯德,Stanley Hubbard,20,DirecTV,美國
1063,季琦,Ji Qi,20,"酒店, 汽車旅館",中國內地
1063,維諾德•科斯拉,Vinod Khosla,20,創投,美國
1063,郭基浩,Jonathan Kwok,20,房地產,香港
1063,劉熾平,Martin Lau,20,電商,香港
1063,托馬斯•李,Thomas Lee,20,私募股權,美國
1063,邁克爾•理欽,Michael Lee-Chin,20,共同基金,加拿大
1063,李平,Li Ping,20,電池,香港
1063,李永新及家族,Li Yongxin & family,20,教育,中國內地
1063,林國泰,Lim Kok Thay,20,博彩,馬來西亞
1063,Lin Chang Su-O,Lin Chang Su-O,20,房地產,臺灣
1063,林印孫,Lin Yinsun,20,農產業,中國內地
1063,S•丹尼爾•亞伯拉罕,S. Daniel Abraham,20,Slim-Fast,美國
1063,馬志玲,Rudy Ma,20,金融,臺灣
1063,約翰•阿米塔奇,John Armitage,20,對沖基金,愛爾蘭
1063,漢斯•梅爾徹斯,Hans Melchers,20,"化工, 投資",荷蘭
1063,卡羅爾•詹金斯•巴奈特,Carol Jenkins Barnett,20,Publix 超市,美國
1063,豪爾赫•莫爾•菲爾霍,Jorge Moll Filho,20,醫院,巴西
1063,庫斯•拜克爾,Koos Bekker,20,"媒體, 投資",南非
1063,佩德羅•莫雷拉•薩勒斯,Pedro Moreira Salles,20,"銀行業, 礦業",巴西
1063,朱麗安娜•貝納通,Giuliana Benetton,20,"時尚零售, 投資",義大利
1063,大衛•默多克,David Murdock,20,"Dole, 房地產",美國
1063,盧西亞諾•貝納通,Luciano Benetton,20,"時尚零售, 投資",義大利
1063,卡瑟麗娜•奧托-本斯坦,Katharina Otto-Bernstein,20,房地產,德國
1063,托爾•比約哥夫森,Thor Bjorgolfsson,20,投資,冰島
1063,馬杜卡•帕拉克,Madhukar Parekh,20,粘合劑,印度
1135,拉克什•金君瓦拉,Rakesh Jhunjhunwala,19,投資,印度
1135,蘭德爾•J•柯克,Randal J. Kirk,19,醫葯,美國
1135,Forrest Li,Forrest Li,19,游戲,新加坡
1135,李國強,Li Guoqiang,19,汽車經銷店,中國內地
1135,梁允超,Liang Yunchao,19,營養品,中國內地
1135,羅康瑞,Vincent Lo,19,房地產,香港
1135,前澤友作,Yusaku Maezawa,19,網路零售,日本
1135,優素福•曼蘇爾,Youssef Mansour,19,多元化經營,埃及
1135,厄米里奧•佩雷拉•德莫拉埃斯,Ermirio Pereira de Moraes,19,多元化經營,巴西
1135,瑪麗亞•海倫娜•莫拉埃斯•斯克利皮利蒂,Maria Helena Moraes Scripilliti,19,多元化經營,巴西
1135,費爾南多•羅伯托•莫雷拉•薩勒斯,Fernando Roberto Moreira Salles,19,"銀行業, 礦業",巴西
1135,若奧•莫雷拉•薩勒斯,Joao Moreira Salles,19,"銀行業, 礦業",巴西
1135,小華爾特•莫雷拉•薩勒斯,Walther Moreira Salles Junior,19,"銀行業, 礦業",巴西
1135,鮑比•墨菲,Bobby Murphy,19,Snapchat,美國
1135,N.R.納拉亞納•穆爾蒂,N.R. Narayana Murthy,19,軟體服務,印度
1135,里沙德•諾魯吉,Rishad Naoroji,19,消費品,印度
1135,喬治•佩雷斯,Jorge Perez,19,房地產,美國
1135,詹妮弗•普利茲克,Jennifer Pritzker,19,"酒店, 投資",美國
1135,尼古拉斯•普利茲克,Nicholas Pritzker,19,"酒店, 投資",美國
1135,J.喬•里基茨,J. Joe Ricketts & family,19,TD Ameritrade,美國
1135,拉里•羅賓斯,Larry Robbins,19,對沖基金,美國
1135,阮水龍及家族,Ruan Shuilong & family,19,化工,中國內地
1135,卡洛斯•桑切斯,Carlos Sanchez,19,仿製藥,巴西
1135,胡塞•若奧•阿佈達拉•菲爾霍,Jose Joao Abdalla Filho,19,投資,巴西
1135,希爾頓•施勒斯伯格,Hilton Schlosberg,19,能量飲料,英國
1135,喬治•阿吉羅斯及家族,George Argyros & family,19,"房地產, 投資",美國
1135,克勞斯-彼得•舒倫伯格,Klaus-Peter Schulenberg,19,票務服務,德國
1135,錫德•巴斯,Sid Bass,19,"石油, 投資",美國
1135,蘇海文,Helmut Sohmen,19,航運,奧地利
1135,米莉亞姆•鮑曼•布勞赫,Miriam Baumann-Blocher,19,化工,瑞士
1135,埃文•斯皮格爾,Evan Spiegel,19,Snapchat,美國
1135,賴利•貝克特爾及家族,Riley Bechtel & family,19,"工程, 建築施工",美國
1135,澤西•斯塔拉克,Jerzy Starak,19,醫葯,波蘭
1135,小斯蒂芬•貝克特爾,Stephen Bechtel Jr,19,"工程, 建築施工",美國
1135,西比爾•史托斯,Sybill Storz,19,醫療器械,德國
1135,尼克•卡普萊拉,Nick Caporella,19,飲料,美國
1135,西爾維婭•斯多赫,Sylvia Stroeher,19,化妝品,德國
1135,朱林瑤,Chu Lam Yiu,19,香精香料,香港
1135,Harley Sy,Harley Sy,19,多元化經營,菲律賓
1135,斯米塔•克裡什納•戈德瑞吉,Smita Crishna-Godrej,19,消費品,印度
1135,Henry Sy Jr,Henry Sy Jr,19,多元化經營,菲律賓
1135,約瑟•路易斯•庫特拉萊,Jose Luis Cutrale,19,橙汁,巴西
1135,吳聰滿,Andrew Tan,19,多元化經營,菲律賓
1135,瑪麗亞•弗蘭卡•菲索羅,Maria Franca Fissolo,19,"Nutella, 巧克力",義大利
1135,邁克爾•托內爾,Michael Tojner,19,"電池, 投資",奧地利
1135,布魯斯•弗拉特,Bruce Flatt,19,資金管理,加拿大
1135,格奧爾格•馮•歐佩爾,Georg von Opel,19,"房地產, 投資",瑞士
1135,方潤華,Fong Yun Wah,19,房地產,香港
1135,王超斌,Wang Chaobin,19,房地產,中國內地
1135,阿迪•戈德瑞吉,Adi Godrej,19,消費品,印度
1135,胡應湘,Gordon Wu,19,房地產,香港
1135,賈姆希德•戈德瑞吉,Jamshyd Godrej,19,消費品,印度
1135,鄔建樹,Wu Jianshu,19,汽車零件,香港
1135,納迪爾•戈德瑞吉,Nadir Godrej,19,消費品,印度
1135,吳緒順及家族,Wu Xushun & family,19,"互聯網, 汽車零件",中國內地
1135,蘇亞特•甘賽爾,Suat Gunsel,19,"房地產, 教育",塞普勒斯
1135,加夫里爾•烏希瓦厄夫,Gavril Yushvaev,19,"貴金屬, 房地產",俄羅斯
1135,洪浩,Hao Hong,19,醫葯,美國
1135,曾開天,Zeng Kaitian,19,網路游戲,中國內地
1135,古德倫•海涅,Gudrun Heine,19,醫療器械,德國
1135,許健康,Hoi Kin Hong,19,房地產,中國澳門
1196,李•巴斯,Lee Bass,18,"石油, 投資",美國
1196,任建華,Ren Jianhua,18,廚電,中國內地
1196,托馬茲•比埃納季,Tomasz Biernacki,18,超市,波蘭
1196,雷莫•魯菲尼,Remo Ruffini,18,冬裝,義大利
1196,約瑟夫•博庫瓦及家族,Josef Boquoi & family,18,冷凍食品,德國
1196,羅伯特•桑茲,Robert Sands,18,酒類,美國
1196,胡里奧•波扎諾,Julio Bozano,18,銀行業,巴西
1196,克裡斯蒂安妮•舍勒,Christiane Schoeller,18,出版,德國
1196,阿南德•博緬,Anand Burman,18,消費品,印度
1196,他信•西那瓦,Thaksin Shinawatra,18,投資,泰國
1196,弗朗西斯科•加埃塔諾•卡爾塔吉龍,Francesco Gaetano Caltagirone,18,"水泥, 多元化經營",義大利
1196,吳笙福,Martua Sitorus,18,棕櫚油,印尼
1196,陳文源及家族,Chen Wenyuan & family,18,測試設備,中國內地
1196,亨利•斯維卡,Henry Swieca,18,對沖基金,美國
1196,瑪麗亞•德皮諾•卡爾沃-索特洛,Maria Del Pino y Calvo-Sotelo,18,建築施工,西班牙
1196,Teresita Sy-Coson,Teresita Sy-Coson,18,多元化經營,菲律賓
1196,羅伯特•杜根,Robert Duggan,18,醫葯,美國
1196,彼得•舒爾澤斯基,Peter Szulczewski,18,電商,加拿大
1196,詹姆斯•弗朗斯,James France,18,"Nascar, 賽車",美國
1196,麗娜•特瓦里,Leena Tewari,18,醫葯,印度
1196,彼得•吉爾根,Peter Gilgan,18,住房建設,加拿大
1196,洛蒂•塔姆及家族,Lottie Tham & family,18,H&M,瑞典
1196,塞納帕西•戈帕拉克裡什南,Senapathy Gopalakrishnan,18,軟體服務,印度
1196,克萊門斯•滕尼斯及家族,Clemens Toennies & family,18,肉類加工,德國
1196,彼得•葛洛格,Peter Grogg,18,生物化工,瑞士
1196,羅伯特•滕尼斯,Robert Toennies,18,肉類加工,德國
1196,顧玉華及家族,Gu Yuhua & family,18,傢具,中國內地
1196,托比約恩•托恩奎斯特,Torbjorn Tornqvist,18,石油交易,瑞典
1196,里德•霍夫曼,Reid Hoffman,18,LinkedIn,美國
1196,哈麥迪•烏魯卡亞,Hamdi Ulukaya,18,希臘酸奶,土耳其
1196,黃巧靈,Huang Qiaoling,18,主題公園,中國內地
1196,托德•瓦格納,Todd Wagner,18,網路媒體,美國
1196,金澤辰,Kim Taek-jin,18,網路游戲,南韓
1196,魏應交,Wei Ying-Chiao,18,"食品, 飲料",臺灣
1196,弗里德里希•克納普,Friedrich Knapp,18,時尚零售,德國
1196,埃文•威廉姆斯,Evan Williams,18,Twitter,美國
1196,吳冠江,Wu Guanjiang,18,醫葯,中國內地
1196,郭炳江,Thomas Kwok,18,房地產,香港
1196,吳忌寒,Jihan Wu,18,加密貨幣礦機晶元,中國內地
1196,馬克•拉斯里,Marc Lasry,18,對沖基金,美國
1196,熊武,Xiong Wu,18,軟體,中國內地
1196,李賢義,Lee Yin Yee,18,玻璃,中國內地
1196,薛華,Xue Hua,18,農產業,中國內地
1196,李洪信及家族,Li Hongxin & family,18,紙業 & 相關產品,中國內地
1196,楊劍,Yang Jian,18,房地產,中國內地
1196,李力,Li Li,18,醫療保健,中國內地
1196,葉小平,Ye Xiaoping,18,醫葯,中國內地
1196,勵民,Li Min,18,半導體,中國內地
1196,張志祥,Zhang Zhixiang,18,鋼鐵,中國內地
1196,林榮福,Peter Lim,18,投資,新加坡
1196,趙濤,Zhao Tao,18,醫葯,新加坡
1196,林凡連,Lin Fanlian,18,"能源, 房地產",中國內地
1196,尤里•科瓦爾恰克,Yuri Kovalchuk,18,"銀行業, 保險",俄羅斯
1196,曼加爾•普拉巴特•羅哈,Mangal Prabhat Lodha,18,房地產,印度
1196,若昂•羅伯托•馬利尼奧,Joao Roberto Marinho,18,媒體,巴西
1196,何塞•羅伯托•馬利尼奧,Jose Roberto Marinho,18,媒體,巴西
1196,羅伯托•伊利內烏•馬利尼奧,Roberto Irineu Marinho,18,媒體,巴西
1196,克雷格•麥考,Craig McCaw,18,電信,美國
1196,文森特•麥克曼,Vincent McMahon,18,娛樂,美國
1196,繆壽良,Miao Shouliang,18,房地產,中國內地
1196,羅伯特•米勒,Robert Miller,18,電子部件,加拿大
1196,湯姆•莫裡斯,Tom Morris,18,零售,英國
1196,大衛•納哈邁德,David Nahmad,18,藝術收藏,摩納哥
1196,喬納森•尼爾森,Jonathan Nelson,18,私募股權,美國
1196,維卡斯•奧拜瑞,Vikas Oberoi,18,房地產,印度
1196,托馬斯•奧利維歐•洛佩茲,Tomas Olivo Lopez,18,購物中心,西班牙
1196,潘來燦,Pan Laican,18,醬油,中國內地
1196,安德烈•安德烈夫,Andrey Andreev,18,線上約會,英國
1196,迪米特裡•潘比安斯基,Dmitry Pumpyansky,18,鋼管,俄羅斯
1196,愛德華•巴斯,Edward Bass,18,"石油, 投資",美國
1196,比優•拉文德蘭,Byju Raveendran,18,教育科技,印度
1267,耿殿根,Geng Diangen,17,互聯網,中國內地
1267,陳永栽,Lucio Tan,17,多元化經營,菲律賓
1267,克裡斯多夫•高爾德斯伯里,Christopher Goldsbury,17,辣番茄醬,美國
1267,陳覺中及家族,Tony Tan Caktiong & family,17,食品,菲律賓
1267,托爾施泰因•哈根,Torstein Hagen,17,郵輪,挪威
1267,威猜•桑坦,Wichai Thongtang,17,投資,泰國
1267,大衛•海恩斯,David Hains,17,投資,澳大利亞
1267,路易西亞•海倫那•塔拉加諾,Luiza Helena Trajano,17,零售連鎖,巴西
1267,羅伯托•赫爾南德茲•拉米雷斯,Roberto Hernandez Ramirez,17,銀行業,墨西哥
1267,王文彪,Wang Wenbiao,17,"天然氣, 肥料",中國內地
1267,艾倫•霍華德,Alan Howard,17,對沖基金,英國
1267,夏洛特•科爾克特•韋伯,Charlotte Colket Weber,17,金寶湯,美國
1267,曼努埃爾•約夫,Manuel Jove,17,房地產,西班牙
1267,大衛•韋特海默,David Wertheim,17,可口可樂以色列,以色列
1267,巴巴•卡利亞尼,Baba Kalyani,17,工程,印度
1267,尤小平,You Xiaoping,17,"化工, 氨綸纖維",中國內地
1267,黃創山,Keeree Kanjanapas,17,交通運輸,泰國
1267,俞培俤,Yu Peidi,17,房地產,香港
1267,穆斯塔法•庫庫克,Mustafa Kucuk,17,時尚零售,土耳其
1267,多米尼卡•庫奇科,Dominika Kulczyk,17,多元化經營,波蘭
1267,賴建法,Lai Jianfa,17,快遞,中國內地
1267,賴建平,Lai Jianping,17,醬油,中國內地
1267,安東尼•蘭利,Anthony Langley,17,製造業,英國
1267,劉子君,Lau Cho Kun,17,"棕櫚油, 房地產",馬來西亞
1267,吉米•約翰.利奧托德,Jimmy John Liautaud,17,三明治連鎖店,美國
1267,大衛•利希滕斯坦,David Lichtenstein,17,房地產,美國
1267,劉自鴻,Bill Liu,17,電子,中國內地
1267,陸地,Lu Di,17,無人機,中國內地
1267,薩米爾•梅塔,Samir Mehta,17,"醫葯, 電力",印度
1267,蘇迪爾•梅塔,Sudhir Mehta,17,"醫葯, 電力",印度
1267,繆漢根,Miao Hangen,17,"紡織品, 石化",中國內地
1267,苗擁軍,Miao Yongjun,17,臨床診斷,中國內地
1267,加里•邁克遜,Gary Michelson,17,醫療專利,美國
1267,蓋爾•米勒,Gail Miller,17,汽車經銷店,美國
1267,瓦季姆•莫什科維奇,Vadim Moshkovich,17,"農業, 土地",俄羅斯
1267,羅貝托•安賓,Roberto Ongpin,17,多元化經營,菲律賓
1267,阿拉斯•阿加拉羅夫,Aras Agalarov,17,房地產,俄羅斯
1267,馬倫•奧托,Maren Otto,17,"零售, 房地產",德國
1267,萊斯利•亞歷山大,Leslie Alexander,17,體育隊,美國
1267,尼哈特•奧茲德米爾,Nihat Ozdemir,17,多元化經營,土耳其
1267,邁克爾•阿什克羅夫特,Michael Ashcroft,17,安保,英國
1267,李曉明及家族,Paul Xiaoming Lee & family,17,包裝,美國
1267,塞扎•巴卡克希茲,Sezai Bacaksiz,17,多元化經營,土耳其
1267,格萊戈里奧•佩雷斯•康帕尼克,Gregorio Perez Companc,17,油氣,阿根廷
1267,安尼爾•布斯里,Aneel Bhusri,17,商業軟體,美國
1267,阿賈伊•皮拉馬爾,Ajay Piramal,17,醫葯,印度
1267,安德烈•博卡列夫,Andrei Bokarev,17,"金屬, 礦業",俄羅斯
1267,胡利奧•龐塞•勒魯,Julio Ponce Lerou,17,肥料,智利
1267,蒂莫西•博伊爾,Timothy Boyle,17,Columbia 體育服飾,美國
1267,瑪韓德拉•普拉薩德,Mahendra Prasad,17,醫葯,印度
1267,加勒特•坎普,Garrett Camp,17,優步,加拿大
1267,菲利普•T（特裡）•拉根,Phillip T. (Terry) Ragon,17,健康IT,美國
1267,陳世卿,Tony Chen,17,電子,臺灣
1267,李文正及家族,Mochtar Riady & family,17,多元化經營,印尼
1267,陳永泰,Chen Yung-tai,17,房地產,臺灣
1267,布萊恩•羅伯茨,Brian Roberts,17,康卡斯特,美國
1267,馬克•庫姆斯,Mark Coombs,17,金融,英國
1267,謝爾•英奇•羅克,Kjell Inge Rokke,17,"航運, 海鮮",挪威
1267,雷伊•戴維斯,Ray Davis,17,管線,美國
1267,卡爾•舍費爾三世及家族,Karl Scheufele III & family,17,首飾,瑞士
1267,約翰•德•莫爾,John de Mol,17,電視節目,荷蘭
1267,維維克•昌德•賽加爾,Vivek Chaand Sehgal,17,汽車零件,澳大利亞
1267,阿利奧索•安德雷德•法利亞,Aloysio de Andrade Faria,17,銀行業,巴西
1267,申昌濟,Shin Chang-jae,17,保險,南韓
1267,邁克爾•費德曼及家族,Michael Federmann & family,17,"防務, 酒店",以色列
1267,宋作文,Song Zuowen,17,"鋁, 多元化經營",中國內地
1267,傅光明及家族,Fu Guangming & family,17,禽類,中國內地
1267,傑弗里•泰爾彭斯,Jeffrey Talpins,17,對沖基金,美國
1335,蔣業華及家族,Jiang Yehua & family,16,房地產,中國內地
1335,吳仲毅,Wu Zhongyi,16,電子,中國內地
1335,徐旭東及家族,Xu Xudong & family,16,汽車零件,中國內地
1335,金磊,Jin Lei,16,醫葯,中國內地
1335,易賢忠及家族,Yi Xianzhong & family,16,醫葯,中國內地
1335,亞歷山大•基里亞欽,Alexander Klyachin,16,房地產,俄羅斯
1335,喻渭蛟,Yu Huijiao,16,快遞,中國內地
1335,林剛,Lam Kong,16,醫葯,中國內地
1335,李重根,Lee Joong-keun,16,"建築施工, 房地產",南韓
1335,李鋰,Li Li,16,醫葯,中國內地
1335,李衛國,Li Weiguo,16,建材,中國內地
1335,梁豐,Liang Feng,16,製造業,中國內地
1335,Lin Chen-hai,Lin Chen-hai,16,房地產,臺灣
1335,賽瑪哈特•塞維姆•阿塞爾,Semahat Sevim Arsel,16,多元化經營,土耳其
1335,林志軍,Lin Zhijun,16,醫療器械,中國內地
1335,安吉拉•貝內特,Angela Bennett,16,礦業,澳大利亞
1335,林志雄及家族,Lin Zhixiong & family,16,醫療器械,中國內地
1335,O.弗朗西斯•比昂迪,O. Francis Biondi,16,對沖基金,美國
1335,凱瑟琳•洛奇克,Catherine Lozick,16,閥門製造業,美國
1335,約翰•布勞爾,John Bloor,16,"房地產, 製造業",英國
1335,卡蘭尼施•馬蘭,Kalanithi Maran,16,媒體,印度
1335,J•亞特•布朗,J. Hyatt Brown,16,保險,美國
1335,哈施•馬利瓦拉,Harsh Mariwala,16,消費品,印度
1335,托馬斯•布魯赫及家族,Thomas Bruch & family,16,零售,德國
1335,羅馬諾•彌諾茲,Romano Minozzi,16,"公用事業, 多元化經營",義大利
1335,查克•布恩德蘭特,Chuck Bundrant,16,漁業,美國
1335,查爾斯•芒格,Charles Munger,16,伯克希爾哈撒韋,美國
1335,赫布•錢伯斯,Herb Chambers,16,汽車經銷店,美國
1335,南存輝,Nan Cunhui,16,電力設備,中國內地
1335,陳湖文,Chen Huwen,16,文具,中國內地
1335,納爾遜•佩爾茨,Nelson Peltz,16,投資,美國
1335,陳立英,Chen Liying,16,快遞,中國內地
1335,馬庫斯•泊松,Markus Persson,16,電腦游戲,瑞典
1335,陳智松,Chen Zhisong,16,通訊設備,中國內地
1335,坎迪多•皮埃羅•克蘭德•利馬,Candido Pinheiro Koren de Lima,16,"醫院, 健康保險",巴西
1335,謝吉（音）,Kiat Chiaravanont,16,多元化經營,泰國
1335,P.P.雷迪,P.P. Reddy,16,基礎設施,印度
1335,鄭義宣,Chung Eui-sun,16,現代,南韓
1335,P.V.科什納•雷迪,P.V.Krishna Reddy,16,基礎設施,印度
1335,傑克•考因,Jack Cowin,16,快餐,澳大利亞
1335,馬提亞斯•萊因哈特,Matthias Reinhart,16,金融,瑞士
1335,路奇•克雷莫尼尼及家族,Luigi Cremonini & family,16,肉類加工,義大利
1335,查德•里奇森,Chad Richison,16,工資處理,美國
1335,小愛德華•德巴特羅,Edward DeBartolo Jr,16,購物中心,美國
1335,伊萬•薩維迪斯,Ivan Savvidis,16,農產業,俄羅斯
1335,安東尼奧•德瓦勒•魯伊斯及家族,Antonio Del Valle Ruiz & family,16,化工,墨西哥
1335,瑪麗亞-伊麗莎白•舍弗勒-圖曼,Maria-Elisabeth Schaeffler-Thumann,16,汽車零件,德國
1335,鄧文,Deng Wen,16,調味品,中國內地
1335,安東尼奧•路易斯•塞亞布拉,Antonio Luiz Seabra,16,化妝品,巴西
1335,穆罕默德•德沃基,Mohammed Dewji,16,多元化經營,坦尚尼亞
1335,馬丁•塞利格,Martin Selig,16,房地產,美國
1335,卡爾•道格拉斯,Carl Douglas,16,投資,瑞典
1335,尤里•謝夫勒,Yuri Shefler,16,酒精,俄羅斯
1335,埃里克•道格拉斯,Eric Douglas,16,投資,瑞典
1335,沈南鵬,Neil Shen,16,創投,香港
1335,阿爾弗雷多•艾吉迪奧•阿魯達•維萊拉•菲爾霍,Alfredo Egydio Arruda Villela Filho,16,銀行業,巴西
1335,許文龍,Shi Wen-long,16,塑料,臺灣
1335,沃爾特•法利亞,Walter Faria,16,啤酒,巴西
1335,葉夫根尼•什維德勒,Evgeny (Eugene) Shvidler,16,"油氣, 投資",美國
1335,克萊門特•法亞及家族,Clement Fayat & family,16,建築施工,法國
1335,彼得•松達,Peter Sondakh,16,投資,印尼
1335,伯納德•弗雷斯,Bernard Fraisse,16,醫葯,法國
1335,托馬斯•斯泰爾,Thomas Steyer,16,對沖基金,美國
1335,瓦倫丁•加彭賽夫及家族,Valentin Gapontsev & family,16,激光,美國
1335,Elizabeth Sy,Elizabeth Sy,16,多元化經營,菲律賓
1335,魏成輝,Sam Goi,16,冷凍食品,新加坡
1335,奧列格•京科夫,Oleg Tinkov,16,銀行業,俄羅斯
1335,謝爾蓋•戈爾德夫,Sergei Gordeev,16,房地產,俄羅斯
1335,蘇尼爾•瓦斯瓦尼,Sunil Vaswani,16,多元化經營,英國
1335,施梅爾•哈萊普,Shmuel Harlap,16,汽車,以色列
1335,桑德羅•維羅尼斯及家族,Sandro Veronesi & family,16,時尚,義大利
1335,比爾•哈斯拉姆,Bill Haslam,16,加油站,美國
1335,吉滕德拉•弗瓦尼,Jitendra Virwani,16,房地產,印度
1335,布萊恩•希金斯,Brian Higgins,16,對沖基金,美國
1335,王長田,Wang Changtian,16,"電視, 電影製作",中國內地
1335,J.湯姆林森•希爾,J. Tomilson Hill,16,投資,美國
1335,安東尼•伍德,Anthony Wood,16,Roku,美國
1335,阿索克•庫瑪爾•赫然安達尼,Asok Kumar Hiranandani,16,房地產,新加坡
1335,吳羽嵐,Wu Yulan,16,醫葯,中國內地
1335,何猷龍,Lawrence Ho,16,博彩,香港
1415,黃偉,Huang Wei,15,房地產,中國內地
1415,魏應行,Wei Yin-Heng,15,"食品, 飲料",臺灣
1415,黃小芬及家族,Huang Xiaofen & family,15,印刷電路板,中國內地
1415,阿恩•威廉森及家族,Arne Wilhelmsen & family,15,郵輪,挪威
1415,布拉德利•雅各布斯,Bradley Jacobs,15,物流,美國
1415,黃敏利,Wong Man Li,15,傢具,香港
1415,斯蒂芬•賈裡斯羅夫斯基,Stephen Jarislowsky,15,資金管理,加拿大
1415,伊恩•伍德及家族,Ian Wood & family,15,能源服務,英國
1415,馬塞爾•亞當斯及家族,Marcel Adams & family,15,房地產,加拿大
1415,賈天將及家族,Jia Tianjiang & family,15,有色金屬,中國內地
1415,吳俊保,Wu Junbao,15,教育,中國內地
1415,索姆霍特•阿乎奈,Somphote Ahunai,15,可再生能源,泰國
1415,謝爾蓋•卡茨耶夫,Sergei Katsiev,15,"零售, 批發",俄羅斯
1415,吳以嶺,Wu Yiling,15,醫葯,中國內地
1415,哈姆迪•阿金及家族,Hamdi Akin & family,15,多元化經營,土耳其
1415,金秉奏,Michael Kim,15,投資,南韓
1415,夏曙東,Xia Shudong,15,IT服務,中國內地
1415,尼傑爾•奧斯丁,Nigel Austin,15,零售,澳大利亞
1415,賽斯•卡拉曼,Seth Klarman,15,投資,美國
1415,許樹根,Xu Shugen,15,"建築施工, 礦業機械",中國內地
1415,路易斯•貝肯,Louis Bacon,15,對沖基金,美國
1415,穆斯塔法•拉赫米•考克,Mustafa Rahmi Koc,15,多元化經營,土耳其
1415,弗拉基米爾•葉夫圖申科夫,Vladimir Yevtushenkov,15,"電信, 投資",俄羅斯
1415,房俊赫,Bang Jun-hyuk,15,網路游戲,南韓
1415,威廉•科赫,William Koch,15,"石油, 投資",美國
1415,俞發祥,Yu Faxiang,15,旅游業，文化產業,中國內地
1415,哈林達帕爾•邦高,Harindarpal Banga,15,大宗商品,印度
1415,辜仲立,Andre Koo Sr,15,金融服務,臺灣
1415,章燎原,Zhang Liaoyuan,15,食品,中國內地
1415,尼古拉斯•伯格魯恩,Nicolas Berggruen,15,投資,美國
1415,郭基泓,Christopher Kwok,15,房地產,香港
1415,鄭樹生,Shusheng Zheng,15,電信,中國內地
1415,列昂尼德•博古斯瓦夫斯基,Leonid Boguslavsky,15,創投,俄羅斯
1415,郭顥澧,Edward Kwok,15,房地產,香港
1415,周劍,Zhou Jian,15,機器人,中國內地
1415,艾哈邁德•卡裡克,Ahmet Calik,15,"能源, 銀行業",銀行業
1415,詹姆斯•雷寧格,James Leininger,15,醫療產品,美國
1415,朱共山,Zhu Gongshan,15,太陽能板材料,中國內地
1415,曹驥,Cao Ji,15,製造業,中國內地
1415,李光宇,Li Guangyu,15,教育,中國內地
1415,朱興良,Zhu Xingliang,15,建築施工,中國內地
1415,陳潭慶芬,Chan Tan Ching-fen,15,房地產,香港
1415,李良彬,Li Liangbin,15,鋰,中國內地
1415,卓軍,Zhuo Jun,15,印刷電路板,香港
1415,陳發樹,Chen Fashu,15,投資,中國內地
1415,黎旭暉,Li Xuhui,15,醬油,中國內地
1415,陳湖雄,Chen Huxiong,15,文具,中國內地
1415,普拉域德•瑪哈基司尼,Prayudh Mahagitsiri,15,"咖啡, 航運",泰國
1415,崔泰源,Chey Tae-won,15,"石油, 半導體",南韓
1415,卡特裡娜•馬丁森,Katarina Martinson,15,投資,瑞典
1415,伊萬•切聯科,Ivan Chrenko,15,房地產,斯洛伐克
1415,米恩華,Mi Enhua,15,零售,中國內地
1415,雅克•德阿莫斯,Jacques D'Amours,15,零售,加拿大
1415,赫茲•米歇拉,Herz Michaela,15,咖啡,德國
1415,科默•達曼,Kommer Damen,15,造船,荷蘭
1415,馬丁•摩勒•尼爾森,Martin Moller Nielsen,15,航空器租賃,丹麥
1415,安娜•盧西亞•德•馬托斯•巴拉托•維萊拉,Ana Lucia de Mattos Barretto Villela,15,銀行業,巴西
1415,曼努埃爾•莫羅恩及家族,Manuel Moroun & family,15,交通運輸,美國
1415,D.雷爾泊多•德皮諾•卡爾沃-索特洛,D. Leopoldo Del Pino y Calvo-Sotelo,15,建築施工,西班牙
1415,羅伯特•穆阿瓦德,Robert Mouawad,15,高級首飾,黎巴嫩
1415,斯蒂芬•範伯格,Stephen Feinberg,15,私募股權,美國
1415,以斯拉•納哈邁德,Ezra Nahmad,15,藝術品,摩納哥
1415,弗蘭克•菲爾蒂塔三世,Frank Fertitta III,15,"博彩, 綜合格鬥",美國
1415,斯蒂芬•奧爾森,Stefan Olsson,15,多元化經營,瑞典
1415,洛倫索•費爾蒂塔,Lorenzo Fertitta,15,"博彩, 綜合格鬥",美國
1415,格蕾泰爾•派克,Gretel Packer,15,博彩,澳大利亞
1415,阿貝•費羅迪亞,Abhay Firodia,15,汽車,印度
1415,蘭詹•派,Ranjan Pai,15,教育,印度
1415,菲利普•弗羅斯特,Phillip Frost,15,醫葯,美國
1415,利里奧•帕里索托,Lirio Parisotto,15,投資,巴西
1415,福島康博,Yasuhiro Fukushima,15,電子游戲,日本
1415,G.拉詹德蘭,G Rajendran,15,首飾,印度
1415,馬利奧•加貝利,Mario Gabelli,15,資金管理,美國
1415,傑瑞•勞恩斯多夫,Jerry Reinsdorf,15,體育隊,美國
1415,羅爾夫•格寧,Rolf Gerling,15,保險,德國
1415,杜克•雷耶斯,Duke Reyes,15,啤酒分銷,美國
1415,艾倫•格裡,Alan Gerry,15,有線電視,美國
1415,雪莉•桑德伯格,Sheryl Sandberg,15,Facebook,美國
1415,哈什•戈恩卡,Harsh Goenka,15,多元化經營,印度
1415,愛麗絲•舒爾茨,Alice Schwartz,15,生物技術,美國
1415,艾瑟爾•格萊舍,Esther Grether,15,藝術收藏,瑞士
1415,彼得•斯伯林,Peter Sperling,15,教育,美國
1415,比爾•格羅斯,Bill Gross,15,投資,美國
1415,沃納拉特•唐卡拉瓦昆,Vonnarat Tangkaravakoon,15,"線纜, 漆料",泰國
1415,顧偉,Gu Wei,15,消費電子,中國內地
1415,莊柏唐（音譯）及家族,Tran Ba Duong & family,15,汽車,越南
1415,穆罕默德•納齊夫•居納爾,Mehmet Nazif Gunal,15,"旅游業, 建築施工",土耳其
1415,肯尼•特羅特,Kenny Troutt,15,電信,美國
1415,郭梓文,Guo Ziwen,15,房地產,中國內地
1415,Tseng Cheng,Tseng Cheng,15,石化,臺灣
1415,克裡斯蒂安•赫茨,Christian Herz,15,咖啡,德國
1415,約翰•泰森,John Tyson,15,食品加工,美國
1415,奧利昂•欣達維,Orion Hindawi,15,軟體,美國
1415,萬隆,Wan Long,15,食品,中國內地
1415,斯圖爾特•霍熱希及家族,Stewart Horejsi & family,15,伯克希爾哈撒韋,美國
1415,魏應州,Wei Ing-Chou,15,"食品, 飲料",臺灣
1415,徐旭東,Douglas Hsu,15,多元化經營,臺灣
1415,魏應充,Wei Yin-Chun,15,"食品, 飲料",臺灣
1513,巴拉特•德賽,Bharat Desai,14,IT 咨詢,美國
1513,埃倫•厄茲曼,Eren Ozmen,14,航空航天,美國
1513,貝達•迪特黑爾姆,Beda Diethelm,14,助聽設備,瑞士
1513,法提赫•厄茲曼,Fatih Ozmen,14,航空航天,美國
1513,伊莎貝爾•多斯•桑托斯,Isabel dos Santos,14,投資,安哥拉
1513,阿賈伊•帕拉克,Ajay Parekh,14,粘合劑,印度
1513,詹姆斯•達夫,James Duff,14,"輪胎, 多元化經營",美國
1513,納蘭德拉庫馬爾•帕拉克,Narendrakumar Parekh,14,粘合劑,印度
1513,托馬斯•達夫,Thomas Duff,14,"輪胎, 多元化經營",美國
1513,皮埃爾•卡爾•佩拉度,Pierre Karl Péladeau,14,媒體,加拿大
1513,加里•菲戈爾,Gary Fegel,14,"大宗商品, 投資",瑞士
1513,蒲忠傑及家族,Pu Zhongjie & family,14,醫療設備,中國內地
1513,凱西•菲爾茨,Kathy Fields,14,護膚,美國
1513,錢瑛,Qian Ying,14,飼養生豬,中國內地
1513,保羅•福斯特,Paul Foster,14,煉油,美國
1513,仇建平及家族,Qiu Jianping & family,14,手動工具,中國內地
1513,路易斯•弗里亞斯,Luis Frias,14,移動支付,巴西
1513,P.V. 蘭姆普拉薩•雷迪,P.V. Ramprasad Reddy,14,醫葯,印度
1513,傅軍,Fu Kwan,14,"房地產, 多元化經營",中國內地
1513,凱蒂•羅丹,Katie Rodan,14,護膚,美國
1513,丹尼斯•吉靈斯,Dennis Gillings,14,藥物測試,英國
1513,侯賽因•薩志瓦尼,Hussain Sajwani,14,房地產,阿聯酋
1513,塞爾日•戈丹,Serge Godin,14,信息技術,加拿大
1513,卡琳•歇克,Karin Schick,14,信息技術,德國
1513,桑吉夫•戈恩卡,Sanjiv Goenka,14,多元化經營,印度
1513,阿諾特•舒業夫,Arnout Schuijff,14,支付軟體,荷蘭
1513,蘇•格羅斯,Sue Gross,14,投資,美國
1513,邵欽祥,Shao Qinxiang,14,多元化經營,中國內地
1513,麥吉•哈迪•諾克斯,Maggie Hardy Knox,14,建材,美國
1513,普拉查克•唐卡拉瓦昆,Prachak Tangkaravakoon,14,漆料,泰國
1513,大衛•欣達維,David Hindawi,14,軟體,美國
1513,大衛•張及家族,David Teoh & family,14,電信,澳大利亞
1513,胡凱軍,Hu Kaijun,14,醫葯,中國內地
1513,喬納森•蒂施,Jonathan Tisch,14,"保險, NFL球隊",美國
1513,威廉•阿克曼,William Ackman,14,對沖基金,美國
1513,W.赫伯特•亨特,W. Herbert Hunt,14,石油,美國
1513,帕維爾•季卡奇,Pavel Tykac,14,煤礦,捷克共和國
1513,法爾哈德•阿克梅多夫,Farkhad Akhmedov,14,投資,俄羅斯
1513,哈爾•傑克曼,Hal Jackman,14,"保險, 投資",加拿大
1513,王劍峰及家族,Wang Jianfeng & family,14,汽車零件,中國內地
1513,穆罕默德•法耶德,Mohamed Al Fayed,14,"零售, 投資",埃及
1513,漢密爾頓•詹姆斯,Hamilton James,14,投資,美國
1513,王吉雷,Wang Jilei,14,物流,中國內地
1513,比爾•阿方德,Bill Alfond,14,鞋類,美國
1513,喬治•約瑟夫,George Joseph,14,保險,美國
1513,王任生,Wang Ren-sheng,14,零售,臺灣
1513,蘇珊•阿方德,Susan Alfond,14,鞋類,美國
1513,斯科特•卡普尼克,Scott Kapnick,14,私募股權,美國
1513,克裡斯•萬斯特拉斯,Chris Wanstrath,14,軟體,美國
1513,特德•阿方德,Ted Alfond,14,鞋類,美國
1513,奧斯曼•吉巴爾,Osman Kibar,14,生物技術,美國
1513,史蒂芬•韋恩,Stephen Winn,14,房地產服務,美國
1513,小赫伯特•艾倫及家族,Herbert Allen Jr & family,14,投資銀行業,美國
1513,蘇娜•基拉克,Suna Kirac,14,多元化經營,土耳其
1513,伊蓮•韋恩,Elaine Wynn,14,"博彩, 酒店",美國
1513,蔡啟文,Ramon Ang,14,多元化經營,菲律賓
1513,廖凱原,Leo Koguan,14,IT提供商,美國
1513,謝嘉,Swift Xie,14,無人機,中國內地
1513,瓦西里•阿尼西莫夫,Vasily Anisimov,14,房地產,俄羅斯
1513,普尤特•孔德拉舍夫,Pyotr Kondrashev,14,投資,俄羅斯
1513,王佳及家族,Jane Yan & family,14,軟體,中國內地
1513,菲力克斯•貝克,Felix Baker,14,生物技術,美國
1513,菲利普•拉方特,Philippe Laffont,14,對沖基金,美國
1513,楊貳珠,Yang Erzhu,14,房地產,中國內地
1513,朱利安•貝克,Julian Baker,14,生物技術,美國
1513,曼努埃爾•拉奧•赫爾南德斯,Manuel Lao Hernandez,14,博彩,西班牙
1513,袁富根及家族,Yuan Fugen & family,14,金屬加工,中國內地
1513,約翰•必克特,John Bicket,14,感測器系統,美國
1513,路易斯•樂達夫,Louis Le Duff,14,麵包房,法國
1513,大衛•扎利克,David Zalik,14,金融科技,美國
1513,毛里齊奧•比利,Maurizio Billi,14,仿製藥,巴西
1513,李豪鎮,Lee Ho-jin,14,多元化經營,南韓
1513,克雷頓•齊格爾曼,Clayton Zekelman,14,鋼鐵,加拿大
1513,桑傑特•比斯瓦斯,Sanjit Biswas,14,感測器系統,美國
1513,雷菊芳,Lei Jufang,14,醫葯,中國內地
1513,張園林,Zhang Yuanlin,14,房地產,中國內地
1513,大衛•布斯,David Booth,14,共同基金,美國
1513,西奧多•萊昂西斯,Theodore Leonsis,14,體育隊,美國
1513,彼得•巴克,Peter Buck,14,賽百味三明治,美國
1513,李春安,Li Chunan,14,可再生能源,中國內地
1513,尼古拉•布伊諾夫,Nikolai Buinov,14,油氣,俄羅斯
1513,劉克振,K.C. Liu,14,製造業,臺灣
1513,尼古拉•寶格麗,Nicola Bulgari,14,奢侈品,義大利
1513,阿納托利•洛瑪金,Anatoly Lomakin,14,投資,俄羅斯
1513,羅恩•伯克爾,Ron Burkle,14,"超市, 投資",美國
1513,比利•喬•麥庫姆斯,Billy Joe (Red) McCombs,14,"房地產, 石油",石油
1513,薩吉特•博緬,Saket Burman,14,消費品,英國
1513,韋利•米歇爾,Willy Michel,14,醫療器械,瑞士
1513,史蒂夫•凱斯,Steve Case,14,AOL,美國
1513,馬西莫•莫拉蒂,Massimo Moratti,14,煉油,義大利
1513,比諾德•喬達里,Binod Chaudhary,14,多元化經營,尼泊爾
1513,元谷外志雄,Toshio Motoya,14,酒店,日本
1513,陳慧慧,Vivien Chen,14,房地產,香港
1513,帕特裡斯•莫特賽比,Patrice Motsepe,14,礦業,南非
1513,小羅伯特•柯依尤托,Robert Coyiuto Jr,14,電力,菲律賓
1513,尤金•默塔,Eugene Murtagh,14,建材,愛爾蘭
1513,鄧穎忠,Deng Yingzhong,14,紙業,中國內地
1513,馬利烏斯•納赫特,Marius Nacht,14,軟體,以色列
1513,諾博特•丹特桑格,Norbert Dentressangle,14,"交通運輸, 物流",法國
1513,南丹•尼勒卡尼,Nandan Nilekani,14,軟體服務,印度
1613,安娜•瑪麗亞•佈雷西亞•卡費拉塔,Ana Maria Brescia Cafferata,13,"礦業, 銀行業",秘魯
1613,李坦,Li Tan,13,醫葯,中國內地
1613,沙姆舍爾•瓦亞利,Shamsheer Vayalil,13,醫療保健,印度
1613,林恩強,Lim Oon Kuin,13,石油交易,新加坡
1613,安娜•卡特麗娜•菲斯曼,Anna Katharina Viessmann,13,加熱與製冷設備,德國
1613,保羅•寶格麗,Paolo Bulgari,13,奢侈品,義大利
1613,林偉才,Lim Wee Chai,13,橡膠手套,馬來西亞
1613,王俊民,Wang Junmin,13,醫葯,中國內地
1613,阿米特•博緬,Amit Burman,13,消費品,印度
1613,路易斯•林德,Louise Lindh,13,投資,瑞典
1613,溫鵬程及家族,Wen Pengcheng & family,13,農產業,中國內地
1613,趙藤雄,Chao Teng-hsiung,13,房地產,臺灣
1613,劉亞超,Liu Yachao,13,教育,中國內地
1613,黃光裕及家族,Wong Kwong Yu & family,13,零售,中國內地
1613,程立力,Cheng Lili,13,禽類養殖,中國內地
1613,馬飛,Ma Fei,13,電子部件,中國內地
1613,吳凱庭,Wu Kaiting,13,電子,香港
1613,秦榮華,Chin Jong Hwa,13,汽車零件,臺灣
1613,馬東敏,Melissa Ma,13,互聯網搜索,中國內地
1613,項光明及家族,Xiang Guangming & family,13,廢品處理,中國內地
1613,邱達強,Daniel Chiu,13,油氣,香港
1613,鄧肯•麥克米倫,Duncan MacMillan,13,彭博公司,美國
1613,謝菊華及家族,Xie Juhua & family,13,醫葯,中國內地
1613,圖爾加伊•辛內,Turgay Ciner,13,多元化經營,土耳其
1613,莎拉•麥克米倫,Sarah MacMillan,13,嘉吉,美國
1613,Ken Xie,Ken Xie,13,網路安全,美國
1613,傑克•庫克維爾,Jack Cockwell,13,"房地產, 私募股權",加拿大
1613,基肖爾•馬利瓦拉,Kishore Mariwala,13,消費品,印度
1613,修淶貴,Xiu Laigui,13,醫葯,中國內地
1613,吉姆•克蘭恩,Jim Crane,13,"物流, 棒球",美國
1613,約翰•馬丁,John Martin,13,醫葯,美國
1613,楊紹鵬,Yang Shaopeng,13,航運,中國內地
1613,布魯諾•庫奇利及家族,Brunello Cucinelli & family,13,時尚,義大利
1613,特倫斯（特裡）•馬修斯,Terence (Terry) Matthews,13,電信,加拿大
1613,葉成,Ye Cheng,13,聯合大企業,中國內地
1613,亞歷山大•戴奇,Alexandra Daitch,13,嘉吉,美國
1613,拉奇曼•達斯•米塔爾,Lachhman Das Mittal,13,拖拉機,印度
1613,張克強,Zhang Keqiang,13,房地產,中國內地
1613,索爾•道爾萊拉,Sol Daurella,13,可口可樂,西班牙
1613,馬利奧•莫雷蒂•珀萊加托及家族,Mario Moretti Polegato & family,13,鞋類,義大利
1613,張萬鎮,Zhang Wanzhen,13,電子部件,中國內地
1613,達爾文•迪森,Darwin Deason,13,Xerox,美國
1613,森佳子,Yoshiko Mori,13,房地產,日本
1613,張小娟,Zhang Xiaojuan,13,物流,中國內地
1613,丹尼爾•迪恩斯,Daniel Dines,13,軟體,羅馬尼亞
1613,克雷格•紐馬克,Craig Newmark,13,Craigslist,美國
1613,張軒寧,Zhang Xuanning,13,零售,中國內地
1613,大衛•哈丁,David Harding,13,金融,英國
1613,黃鴻年,Oei Hong Leong,13,投資,新加坡
1613,張茵,Zhang Yin,13,紙業,中國內地
1613,阿依曼•哈裡裡,Ayman Hariri,13,"建築施工, 投資",黎巴嫩
1613,岡田和生及家族,Kazuo Okada & family,13,博彩,日本
1613,周成建,Zhou Chengjian,13,時尚零售,中國內地
1613,伊爾卡•赫林,Ilkka Herlin,13,"電梯, 滾梯",芬蘭
1613,埃里克•保羅森及家族,Erik Paulsson & family,13,"建築施工, 房地產",瑞典
1613,朱一明,Zhu Yiming,13,半導體,中國內地
1613,伊洛納•赫林,Ilona Herlin,13,"電梯, 滾梯",芬蘭
1613,維克托•平丘克,Victor Pinchuk,13,"鋼管, 多元化經營",烏克蘭
1613,安妮塔•扎克,Anita Zucker,13,化工,美國
1613,耐蘭詹•赫然安達尼,Niranjan Hiranandani,13,房地產,印度
1613,海洛薇茲•普拉特,Heloise Pratt,13,"製造業, 投資",澳大利亞
1613,洪傑,Hong Jie,13,塗料,中國內地
1613,費爾南多•佑艾格,Fernando Roig,13,超市,西班牙
1613,德魯•豪斯頓,Drew Houston,13,雲存儲服務,美國
1613,亞歷山大•羅夫特,Alexander Rovt,13,"肥料, 房地產",美國
1613,胡賡熙及家族,Hu Gengxi & family,13,生物醫葯,中國內地
1613,阮洪良及家族,Ruan Hongliang & family,13,玻璃,中國內地
1613,胡揚忠,Hu Yangzhong,13,科技,中國內地
1613,沙巴什•蘭瓦爾,Subhash Runwal,13,房地產,印度
1613,小韋恩•休斯,B. Wayne Hughes Jr,13,存儲設施,美國
1613,莉莉•薩夫拉,Lily Safra,13,銀行業,摩納哥
1613,鄧暉及家族,Hui Deng & family,13,軟體,美國
1613,阿爾瓦羅•塞耶•本德克,Alvaro Saieh Bendeck,13,銀行業,智利
1613,黃民奇,Archie Hwang,13,半導體,臺灣
1613,史蒂芬•薩洛茨,Steven Sarowitz,13,薪酬軟體,美國
1613,薑雪飛及家族,Jiang Xuefei & family,13,印刷電路板,中國內地
1613,史玉柱,Shi Yuzhu,13,"網路游戲, 投資",中國內地
1613,亞歷山大•卡普,Alexander Karp,13,軟體公司,美國
1613,弗拉德•施姆尼斯,Vlad Shmunis,13,雲技術,美國
1613,尤金•卡巴斯基,Eugene Kaspersky,13,軟體,俄羅斯
1613,阿爾貝托•斯卡迪及家族,Alberto Siccardi & family,13,醫療器械,瑞士
1613,柯希平及家族,Ke Xiping & family,13,投資,中國內地
1613,賈斯溫德•辛格及家族,Jasminder Singh & family,13,酒店,英國
1613,安提•阿尼奧-惠利,Antti Aarnio-Wihuri,13,多元化經營,芬蘭
1613,西德尼•肯莫,Sidney Kimmel,13,零售,美國
1613,瑞安•史密斯,Ryan Smith,13,雲計算,美國
1613,拉然德拉•阿加瓦爾,Rajendra Agarwal,13,醫葯,印度
1613,吉姆•科赫,Jim Koch,13,啤酒,美國
1613,史蒂芬•史密斯,Stephen Smith,13,金融和投資,加拿大
1613,庫塔伊巴•阿爾加尼姆,Kutayba Alghanim,13,多元化經營,科威特
1613,管保強,Koon Poh Keong,13,鋁,馬來西亞
1613,彼得•斯普勒,Peter Spuhler,13,列車車廂,瑞士
1613,羅伯托•安赫利尼•羅西,Roberto Angelini Rossi,13,"林業, 礦業",智利
1613,邁克爾•克拉斯尼,Michael Krasny,13,零售,美國
1613,露西•斯蒂澤,Lucy Stitzer,13,嘉吉,美國
1613,米卡•安托寧,Mika Anttonen,13,油氣,芬蘭
1613,塞巴斯蒂安•庫奇科,Sebastian Kulczyk,13,多元化經營,波蘭
1613,威廉姆•斯通,William Stone,13,軟體,美國
1613,卡洛斯•阿迪拉•盧勒,Carlos Ardila Lülle,13,"軟飲料, 多元化經營",哥倫比亞
1613,Kwek Leng Peck,Kwek Leng Peck,13,多元化經營,新加坡
1613,彼得•斯托達倫及家族,Petter Stordalen & family,13,酒店,挪威
1613,萊斯利•班貝爾格爾,Lesley Bamberger,13,房地產,荷蘭
1613,弗蘭克•勞基恩,Frank Laukien,13,科學設備,美國
1613,凱文•斯特羅姆,Kevin Systrom,13,Instagram,美國
1613,伊蓮娜•巴圖裡納,Elena Baturina,13,"投資, 房地產",俄羅斯
1613,曼弗萊迪•拉法布維利•德奧維多,Manfredi Lefebvre d'Ovidio,13,郵輪,義大利
1613,阿倫•塔拉韋拉,Alain Taravella,13,房地產開發,法國
1613,班瓦裡拉爾•寶力,Banwarilal Bawri,13,醫葯,印度
1613,彼得•萊賓格,Peter Leibinger,13,機器工具,德國
1613,羅曼•特洛森科,Roman Trotsenko,13,"交通運輸, 工程",工程
1613,葛達爾裡拉爾•寶力,Girdharilal Bawri,13,醫葯,印度
1613,雷吉娜•萊賓格,Regine Leibinger,13,機器工具,德國
1613,肯尼思•塔奇曼,Kenneth Tuchman,13,外包,美國
1613,威爾姆•貝爾及家族,Wilhelm Beier & family,13,醫葯,德國
1613,李鳳鸞,Li Fengluan,13,"鋼鐵, 多元化經營",中國內地
1613,桑尼•瓦爾基,Sunny Varkey,13,教育,印度
1613,弗拉基米爾•波格丹諾夫,Vladimir Bogdanov,13,石油,俄羅斯
1730,傑米•戴蒙,Jamie Dimon,12,銀行業,美國
1730,盧竑岩,Lu Hongyan,12,網路游戲,中國內地
1730,吳東亮,Thomas Wu,12,金融,臺灣
1730,丹尼爾•柳別斯基,Daniel Lubetzky,12,零食棒,美國
1730,項光達,Xiang Guangda,12,金屬,中國內地
1730,K. 迪內希,K. Dinesh,12,軟體服務,印度
1730,阿南德•馬欣德拉,Anand Mahindra,12,汽車,印度
1730,許英灼,Xu Yingzhuo,12,農產業,中國內地
1730,鈄正剛,Dou Zhenggang,12,"能源, 化工",中國內地
1730,喬治•馬庫斯,George Marcus,12,房地產,美國
1730,楊鏗?,Yang Keng,12,房地產,中國內地
1730,艾格恩•杜班,Egon Durban,12,私募股權,德國
1730,丹尼爾•馬特,Daniel Mate,12,"礦業, 大宗商品",西班牙
1730,姚奎章,Yao Kuizhang,12,飲料,中國內地
1730,亞歷山大•賈帕里澤,Alexander Dzhaparidze,12,石油服務,俄羅斯
1730,格雷戈•蒙德列,Greg Mondre,12,私募股權,美國
1730,Gang Ye,Gang Ye,12,游戲,新加坡
1730,布倫特•艾克扎西巴西,Bulent Eczacibasi,12,"醫葯, 多元化經營",土耳其
1730,傑里•莫耶斯,Jerry Moyes,12,交通運輸,美國
1730,易大盛,Yi Dasheng,12,聯合大企業,中國內地
1730,約瑟夫•埃德爾曼,Joseph Edelman,12,對沖基金,美國
1730,穆榮均,Mu Rongjun,12,電商,中國內地
1730,俞熔,Yu Rong,12,健康,中國內地
1730,鮑勃•艾爾,Bob Ell,12,房地產,澳大利亞
1730,小川賢太郎及家族,Kentaro Ogawa & family,12,餐飲,日本
1730,曾小山及家族,Zeng Xiaoshan & family,12,鋁,中國內地
1730,亨利•恩格哈特,Henry Engelhardt,12,保險,美國
1730,阿爾貝托•帕拉奇,Alberto Palatchi,12,婚禮服飾,西班牙
1730,張桂平及家族,Zhang Guiping & family,12,房地產,中國內地
1730,約翰•法伯,John Farber,12,化工,美國
1730,蘇西庫馬爾•帕拉克,Sushilkumar Parekh,12,粘合劑,印度
1730,鐘聲堅,Zhong Sheng Jian,12,房地產,新加坡
1730,格列布•費季索夫,Gleb Fetisov,12,投資,俄羅斯
1730,弗洛倫蒂諾•佩雷斯,Florentino Perez,12,建築施工,西班牙
1730,周平及家族,Zhou Ping & family,12,公用事業,中國內地
1730,J.克裡斯托夫•弗勞爾斯,J. Christopher Flowers,12,投資,美國
1730,馬克•平卡斯,Mark Pincus,12,網路游戲,美國
1730,鮑裡斯•金加雷維奇,Boris Zingarevich,12,"紙漿和紙, 多元化經營",俄羅斯
1730,米格爾•弗露克西亞•若賽羅,Miguel Fluxa Rossello,12,酒店,西班牙
1730,安德里亞斯•普勒,Andreas Pohl,12,共同基金,德國
1730,高毅及家族,Gao Yi & family,12,醫葯,中國內地
1730,小萊恩弗里德• 波爾,Reinfried Pohl Jr,12,共同基金,德國
1730,丹•格特勒,Dan Gertler,12,礦業,以色列
1730,傅志寬,Murdaya Poo,12,多元化經營,印尼
1730,勞倫斯•格羅布,Lawrence Golub,12,私募股權,美國
1730,福利斯特•普勒斯頓,Forrest Preston,12,醫療護理,美國
1730,耶茨•戈羅恩,Jitse Groen,12,食品配送服務,荷蘭
1730,湯姆•普雷斯頓•沃納,Tom Preston-Werner,12,協作軟體,美國
1730,Kenneth Hao,Kenneth Hao,12,私募股權,美國
1730,西奧多•拉赫馬特,Theodore Rachmat,12,多元化經營,印尼
1730,何小鵬,He Xiaopeng,12,電動汽車,中國內地
1730,安德烈•拉帕波特,Andrei Rappoport,12,投資,俄羅斯
1730,蒂莫西•黑丁頓,Timothy Headington,12,"油氣, 投資",美國
1730,任正非,Ren Zhengfei,12,電信設備,中國內地
1730,費薩爾•本•卡西姆•阿勒薩尼,Faisal Bin Qassim Al Thani,12,"酒店, 多元化經營",卡達
1730,克裡斯托夫•亨克爾,Christoph Henkel,12,消費品,德國
1730,鮑裡斯•羅滕伯格,Boris Rotenberg,12,"建築施工, 管道",管道
1730,若奧•阿爾維斯•德奎羅茲•菲爾霍,Joao Alves de Queiroz Filho,12,醫葯,巴西
1730,胡榮達及家族,Hu Rongda & family,12,化工,中國內地
1730,托馬斯•桑德爾,Thomas Sandell,12,對沖基金,瑞典
1730,馬克•安德森,Marc Andreessen,12,創投,美國
1730,花軒德及家族,Hua Xuande & family,12,醫葯,中國內地
1730,阿納托利•賽迪金,Anatoly Sedykh,12,鋼管,俄羅斯
1730,梅米特•艾丁拉,Mehmet Aydinlar,12,醫院,土耳其
1730,黃紅雲及家族,Huang Hongyun & family,12,房地產,中國內地
1730,布哈德里什•沙阿,Bhadresh Shah,12,工程,印度
1730,托馬斯•貝利,Thomas Bailey,12,資金管理,美國
1730,黃文仔,Huang Wen Tsai,12,房地產,中國內地
1730,沈財福,Ron Sim,12,零售,新加坡
1730,薩欽•班薩爾,Sachin Bansal,12,flipkart,印度
1730,吉姆•賈斯提斯二世,Jim Justice II,12,煤炭,美國
1730,巴斯迪奧•辛格,Basudeo Singh,12,醫葯,印度
1730,帕維爾•鮑蒂斯,Pavel Baudis,12,軟體,捷克共和國
1730,T.S. 卡利亞納拉曼,T.S. Kalyanaraman,12,首飾,印度
1730,薩利爾•辛嘉爾,Salil Singhal,12,農業化工,印度
1730,桑傑夫•比克昌丹尼,Sanjeev Bikhchandani,12,互聯網,印度
1730,Kim Sang-yeol,Kim Sang-yeol,12,建築施工,南韓
1730,賈里德•史密斯,Jared Smith,12,雲計算,美國
1730,麥克•賓格爾,Mike Bingle,12,私募股權,美國
1730,安德烈•科索高夫,Andrei Kosogov,12,"石油, 銀行業",銀行業
1730,扎哈爾•斯穆什金,Zakhar Smushkin,12,"紙漿和紙, 多元化經營",俄羅斯
1730,賀南迪•博霍留勃夫,Henadiy Boholyubov,12,"銀行業, 投資",烏克蘭
1730,赫門德拉•科達利,Hemendra Kothari,12,金融服務,印度
1730,郭桂和,Djoko Susanto,12,超市,印尼
1730,伯納德•布勞恩•呂迪克,Bernhard Braun-Luedicke,12,醫療技術,德國
1730,郭炳聯,Raymond Kwok,12,房地產,香港
1730,陳江和,Sukanto Tanoto,12,多元化經營,印尼
1730,伊娃•瑪利亞•布勞恩•呂迪克,Eva Maria Braun-Luedicke,12,醫療技術,德國
1730,喬•雅各布,Joe Lacob,12,金州勇士隊,美國
1730,吉姆•湯普森,Jim Thompson,12,物流,美國
1730,弗雷德里克•布勞恩•呂迪克,Friederike Braun-Luedicke,12,醫療技術,德國
1730,李富真,Lee Boo-jin,12,三星,南韓
1730,伊翁•提里亞克,Ion Tiriac,12,"銀行業, 保險",羅馬尼亞
1730,伊麗莎白•博達,Elisabeth Burda,12,出版,德國
1730,尼古拉•勒賓格•凱姆勒,Nicola Leibinger-Kammueller,12,製造業,德國
1730,威爾瑪•蒂施,Wilma Tisch,12,多元化經營,美國
1730,雅各布•博達,Jacob Burda,12,出版,德國
1730,沃爾夫岡•萊特納,Wolfgang Leitner,12,工程,奧地利
1730,托馬斯•圖爾,Thomas Tull,12,"電影, 投資",美國
1730,張忠謀,Morris Chang,12,半導體,臺灣
1730,所羅門•盧,Solomon Lew,12,零售,澳大利亞
1730,約翰•凡•利斯豪特,John Van Lieshout,12,房地產,澳大利亞
1730,張平順,Chang Pyung-soon,12,教育服務,南韓
1730,李家權,Li Jiaquan,12,化工,中國內地
1730,拉得哈•溫卜,Radha Vembu,12,科技,印度
1730,程維,Cheng Wei,12,網約車服務,中國內地
1730,李如成,Li Rucheng,12,服裝,中國內地
1730,魯菲諾•比希爾•岡薩雷斯,Rufino Vigil Gonzalez,12,鋼鐵,墨西哥
1730,程先鋒,Cheng Xianfeng,12,醫葯,中國內地
1730,李曉華及家族,Li Xiaohua & family,12,包裝,中國內地
1730,阿卡迪•沃羅茲,Arkady Volozh,12,搜索引擎,俄羅斯
1730,伊馮•喬伊納德,Yvon Chouinard,12,Patagonia,美國
1730,劉名中,Liu Ming Chung,12,紙業,巴西
1730,蘭•沃克,Lang Walker,12,房地產,澳大利亞
1730,朱李月華,Pollyanna Chu,12,金融服務,香港
1730,劉曉東,Liu Xiaodong,12,香精香料,中國內地
1730,魏少軍,Wei Shaojun,12,房地產,中國內地
1730,桑多•薩尼,Sandor Csanyi,12,"金融, 房地產",匈牙利
1730,劉學景及家族,Liu Xuejing & family,12,"銅, 禽類",中國內地
1730,法裡斯•威爾克斯,Farris Wilks,12,天然氣,美國
1730,刁志中,Diao Zhizhong,12,軟體,中國內地
1851,杜雙華,Du Shuanghua,11,鋼鐵,中國內地
1851,雷震瀛,Brandt Louie,11,藥妝店,加拿大
1851,約普•馮•登•安德,Joop van den Ende,11,電視節目,荷蘭
1851,劉德光,Low Tuck Kwong,11,煤炭,印尼
1851,維姆•範•德•里戈特,Wim van der Leegte,11,製造業,荷蘭
1851,法魯克•艾克扎西巴西,Faruk Eczacibasi,11,"醫葯, 多元化經營",土耳其
1851,弗雷德里克•魯迪,Frederic Luddy,11,軟體,美國
1851,穆拉特•瓦爾吉,Murat Vargi,11,電信,土耳其
1851,桑蒂普•安吉尼爾,Sandeep Engineer,11,塑料管道,印度
1851,倫瑞祥及家族,Lun Ruixiang & family,11,房地產,中國內地
1851,馬丁•菲斯曼,Martin Viessmann,11,加熱與製冷設備,德國
1851,本尼迪克特•芬德,Benedicte Find,11,醫療器械,丹麥
1851,馬秀慧,Ma Xiuhui,11,LED照明,中國內地
1851,Shigefumi Wada,Shigefumi Wada,11,軟體,日本
1851,保羅•費爾曼,Paul Fireman,11,Reebok,美國
1851,加里•馬格尼斯,Gary Magness,11,"有線電視, 投資",美國
1851,托德•威尼克,Todd Wanek,11,傢具,美國
1851,唐納德•福斯,Donald Foss,11,汽車貸款,美國
1851,毛中吾,Mao Zhongwu,11,製造業,中國內地
1851,王秋雄,Wang Chou-hsiong,11,鞋襪,臺灣
1851,唐納德•弗裡斯,Donald Friese,11,製造業,美國
1851,斯特拉夫•馬希依瓦,Strive Masiyiwa,11,電信,辛巴威
1851,麥倫•溫茨,Myron Wentz,11,健康產品,聖克里斯多福及尼維斯
1851,福武總一郎,Soichiro Fukutake,11,教育,日本
1851,特裡沃•米爾頓,Trevor Milton,11,電動汽車,美國
1851,理查德•懷特,Richard White,11,軟體,澳大利亞
1851,斯蒂法諾•嘉班納,Stefano Gabbana,11,奢侈品,義大利
1851,阿裡斯托德利斯•密斯塔吉迪斯,Aristotelis Mistakidis,11,"礦業, 大宗商品",希臘
1851,丹•威爾克斯,Dan Wilks,11,天然氣,美國
1851,弗朗克•畢塔爾•加西亞,Franco Bittar Garcia,11,零售,巴西
1851,穆法特拉傑•穆諾,Mofatraj Munot,11,房地產,印度
1851,黃子欣,Allan Wong,11,電子,香港
1851,賈斯滕•格洛克及家族,Gaston Glock & family,11,槍支,奧地利
1851,尼迪•奧薩沙努格拉,Niti Osathanugrah,11,"能量飲料,投資",泰國
1851,吳蘭蘭及家族,Wu Lanlan & family,11,包裝,中國內地
1851,大衛•格魯布,David Golub,11,私募股權,美國
1851,彭浩,Peng Hao,11,電子,中國內地
1851,吳旭,Wu Xu,11,房地產,聖克里斯多福及尼維斯
1851,帕特裡克•翰拉汗,Patrick Hanrahan,11,軟體,美國
1851,羅傑•彭斯克,Roger Penske,11,汽車,美國
1851,亞歷山德拉•安德烈森,Alexandra Andresen,11,投資,挪威
1851,向文波,Xiang Wenbo,11,製造業,中國內地
1851,法哈德•哈裡裡,Fahed Hariri,11,"建築施工, 投資",黎巴嫩
1851,卡爾-約翰•佩爾森,Karl-Johan Persson,11,H&M,瑞典
1851,凱瑟琳娜•安德烈森,Katharina Andresen,11,投資,挪威
1851,謝良志及家族,Xie Liangzhi & family,11,生物技術,中國內地
1851,阿爾弗雷多•哈普•埃盧及家族,Alfredo Harp Helu & family,11,銀行業,墨西哥
1851,湯姆•佩爾森,Tom Persson,11,H&M,瑞典
1851,阿查里雅•巴克裡希納,Acharya Balkrishna,11,消費品,印度
1851,許志翰,Xu Zhihan,11,電子,中國內地
1851,盧茨•馬利奧•赫爾米西,Lutz Mario Helmig,11,醫院,德國
1851,托爾•彼得森,Tor Peterson,11,大宗商品,美國
1851,比尼•班薩爾,Binny Bansal,11,flipkart,印度
1851,喬治•雅克波羅斯,George Yancopoulos,11,醫葯,美國
1851,侯軍呈,Hou Juncheng,11,化妝品,中國內地
1851,凱文•普蘭克,Kevin Plank,11,Under Armour,美國
1851,薩摩爾•巴拉塔,Samuel Barata,11,藥妝店,巴西
1851,易如波,Yi Rubo,11,房地產,中國內地
1851,胡成中,Hu Chengzhong,11,製造業,中國內地
1851,阿溫•珀達爾,Arvind Poddar,11,輪胎,印度
1851,塞布琳娜•貝納通,Sabrina Benetton,11,"時尚零售, 投資",義大利
1851,袁建棟及家族,Yuan Jiandong & family,11,醫葯,中國內地
1851,黃關林,Huang Guanlin,11,"紡織品, 服裝",中國內地
1851,邁克爾•普萊斯,Michael Price,11,投資,美國
1851,阿爾多•本薩頓,Aldo Bensadoun,11,鞋類,加拿大
1851,小理查德•雲靈,Richard Yuengling Jr,11,啤酒,美國
1851,穆罕默德•易卜拉辛,Mohammed Ibrahim,11,通訊,英國
1851,戚金興,Qi Jinxing,11,房地產,中國內地
1851,扎力克•賓諾,Zadik Bino & family,11,"銀行業, 石油",以色列
1851,艾倫•齊格爾曼,Alan Zekelman,11,鋼鐵,加拿大
1851,托馬斯•詹姆斯,Thomas James,11,金融,美國
1851,錢東奇及家族,Qian Dongqi & family,11,家用電器,中國內地
1851,馬庫斯•布勞徹,Markus Blocher,11,化工,瑞士
1851,鄭堅江及家族,Zheng Jianjiang & family,11,電氣設備,中國內地
1851,薑銀台及家族,Jiang Yintai & family,11,汽車零件,中國內地
1851,米傑特•拉希姆庫洛夫,Megdet Rahimkulov,11,投資,俄羅斯
1851,布萊特•布朗迪,Brett Blundy,11,"零售, 農產業",澳大利亞
1851,鄭躍文及家族,Zheng Yuewen & family,11,投資,中國內地
1851,理查德•凱恩,Richard Kayne,11,投資,美國
1851,海倫娜•雷沃雷多,Helena Revoredo,11,安保服務,西班牙
1851,迪米特裡•波索夫,Dmitry Bosov,11,煤礦,俄羅斯
1851,周宗文及家族,Zhou Zongwen & family,11,首飾,中國內地
1851,Kim Jung-woong,Kim Jung-woong,11,化妝品,南韓
1851,弗朗西斯科•胡塞•里伯拉斯•梅拉,Francisco Jose Riberas Mera,11,"鋼鐵, 汽車零件",西班牙
1851,奧列格•博伊科,Oleg Boyko,11,多元化經營,俄羅斯
1851,許偉明,Koh Wee Meng,11,"房地產, 酒店",新加坡
1851,胡安•瑪利亞•里伯拉斯•梅拉,Juan Maria Riberas Mera,11,鋼鐵,西班牙
1851,蔡紅兵,Cai Hongbin,11,醫葯,中國內地
1851,具光謨,Koo Kwang-mo,11,LG,南韓
1851,斯蒂芬•魯賓,Stephen Rubin,11,運動服裝,英國
1851,曹積生,Cao Jisheng,11,禽類,中國內地
1851,尤里依•科斯烏克,Yuriy Kosiuk,11,農產業,烏克蘭
1851,德尼茲•薩罕克,Deniz Sahenk,11,多元化經營,土耳其
1851,張允中,Chang Yun Chung,11,航運,新加坡
1851,慄和田榮一,Eiichi Kuriwada,11,快遞,日本
1851,佐治信忠,Nobutada Saji,11,飲料,日本
1851,謝富年,Jeffrey Cheah,11,房地產,馬來西亞
1851,蓋伊•拉里伯特,Guy Laliberté,11,太陽馬戲團,加拿大
1851,法耶茲•沙羅菲,Fayez Sarofim,11,資金管理,美國
1851,陳奇星,Chen Qixing,11,電子部件,中國內地
1851,李海珍,Lee Hae-jin,11,互聯網,南韓
1851,埃拉特•沙伊米耶夫,Airat Shaimiev,11,"煉油廠, 化工",俄羅斯
1851,陳睿,Chen Rui,11,網上娛樂,中國內地
1851,李敘顯,Lee Seo-hyun,11,三星,南韓
1851,拉季克•沙伊米耶夫,Radik Shaimiev,11,"煉油廠, 化工",俄羅斯
1851,蔡天寶,Chua Thian Poh,11,房地產,新加坡
1851,馬克•雷奧納德及家族,Mark Leonard & family,11,軟體,加拿大
1851,沈亞,Eric Ya Shen,11,網上服裝零售,中國內地
1851,阿爾貝托•科爾蒂納,Alberto Cortina,11,投資,西班牙
1851,南希•勒納,Nancy Lerner,11,"銀行業, 信用卡",美國
1851,沈錫強及家族,Shen Xiqiang & family,11,化工,中國內地
1851,崔根良,Cui Genliang,11,電氣部件,中國內地
1851,諾瑪•勒納,Norma Lerner,11,銀行業,美國
1851,S.D.施布拉爾,S.D. Shibulal,11,軟體服務,印度
1851,戴文軍,Dai Wenjun,11,食品,中國內地
1851,蘭道夫•勒納,Randolph Lerner,11,"銀行業, 信用卡",美國
1851,列昂尼德•西馬諾夫斯基,Leonid Simanovsky,11,投資,俄羅斯
1851,亨利•戴維斯,Henry Davis,11,牛肉加工,美國
1851,弗拉基米爾•列切克夫,Vladimir Leschikov,11,房地產,俄羅斯
1851,夏洛特•索德斯特羅姆,Charlotte Soderstrom,11,H&M,瑞典
1851,佩德羅•德•歌德爾•布埃諾,Pedro de Godoy Bueno,11,健康保險,巴西
1851,伯納德•里維斯及家族,Bernard Lewis & family,11,時尚零售,英國
1851,邁克爾•斯坦哈特,Michael Steinhardt,11,對沖基金,美國
1851,卡米拉•德•歌德爾•布埃諾•格洛西,Camilla de Godoy Bueno Grossi,11,健康保險,巴西
1851,梁光偉,Liang Guangwei,11,聯合大企業,中國內地
1851,安東尼奧•斯特羅恩斯基,Nikolay Storonsky,11,金融科技,俄羅斯
1851,本傑明•羅斯柴爾德,Benjamin de Rothschild,11,銀行業,瑞士
1851,梁衍鋒及家族,Liang Yanfeng & family,11,房地產,中國內地
1851,維納柯•蘇黎斯迪奧,Winarko Sulistyo,11,紙漿和紙,印尼
1851,迪亞戈•德拉•瓦萊,Diego Della Valle,11,鞋類,義大利
1851,梁昭賢,Liang Zhaoxian,11,電器,中國內地
1851,孫孟全及家族,Sun Mengquan & family,11,食用油,中國內地
1851,賽菲克•亞爾馬茲•笛茲達,Sefik Yilmaz Dizdar,11,時尚零售,土耳其
1851,劉革新,Liu Gexin,11,醫葯,中國內地
1851,孫喜雙,Sun Xishuang,11,房地產,中國內地
1851,杜梅尼科• 多爾奇,Domenico Dolce,11,奢侈品,義大利
1851,樓忠福及家族,Lou Zhongfu & family,11,房地產,中國內地
1851,唐金奎及家族,Tang Jinkui & family,11,"紡織品, 石化",中國內地
1851,馬利克•多斯皮瓦,Marek Dospiva,11,投資,捷克共和國
1990,GT.德福,GT Dave,10,康普茶,美國
1990,克裡斯托弗•盧克斯,Christopher Rokos,10,對沖基金,英國
1990,科斯特揚丁•薩維果,Kostyantin Zhevago,10,礦業,烏克蘭
1990,嚴彬,Chanchai Ruayrungruang,10,房地產,中國內地
1990,周永利及家族,Zhou Yongli & family,10,聯合大企業,中國內地
1990,安丁•多安,Aydin Dogan,10,媒體,土耳其
1990,伊戈爾•雷巴科夫,Igor Rybakov,10,建材,俄羅斯
1990,莉莎•得雷克斯邁爾,Lisa Draexlmaier,10,汽車零件,德國
1990,胡里奧•馬利奧•桑托•多明戈三世,Julio Mario Santo Domingo III,10,啤酒,美國
1990,杜廈,Du Sha,10,大型超市,中國內地
1990,RJ.斯卡林格,RJ Scaringe,10,電動汽車,美國
1990,衛斯理•艾登斯,Wesley Edens,10,投資,美國
1990,迪特爾•施納貝爾,Dieter Schnabel,10,化工,德國
1990,範敏華,Fan Minhua,10,醫葯,中國內地
1990,傑拉爾德•施瓦茨,Gerald Schwartz,10,金融,加拿大
1990,方洪波,Fang Hongbo,10,家用電器,中國內地
1990,尼爾賈•賽提,Neerja Sethi,10,IT咨詢，外包,美國
1990,傑弗•格靈,Jeff Green,10,數字廣告,美國
1990,米哈伊爾•肖科夫,Mikhail Shelkov,10,鈦,俄羅斯
1990,大衛•豪爾,David Hall,10,汽車科技,美國
1990,艾伯特•席加鮑狄諾夫,Albert Shigaboutdinov,10,"煉油廠, 化工",俄羅斯
1990,蓋瑞•哈維,Gerry Harvey,10,零售,澳大利亞
1990,斯科特•史密斯,Scott Smith,10,雲計算,美國
1990,加洛斯拉夫•哈斯卡克,Jaroslav Hascak,10,投資,斯洛伐克
1990,特裡•斯諾,Terry Snow,10,"機場, 房地產",澳大利亞
1990,Ho Hung Anh,Ho Hung Anh,10,"消費品, 銀行業",越南
1990,阿克希爾•斯道科斯基,Axel Stawski,10,房地產,美國
1990,弗朗西斯•奧爾代,Francis Holder,10,麵包房,法國
1990,謝爾蓋•斯圖恩尼科夫,Sergei Studennikov,10,"酒類商店, 超市",俄羅斯
1990,許英寅,Hur Young-in,10,"麵包房, 快餐",南韓
1990,蘇汝波,Su Rubo,10,房地產,中國內地
1990,Jay-Z,Jay-Z,10,多元化經營,美國
1990,魯斯捷姆•薩爾蒂夫,Rustem Sulteev,10,"煉油廠, 化工",俄羅斯
1990,凱莉•詹娜,Kylie Jenner,10,化妝品,美國
1990,唐岩,Tang Yan,10,社交媒體,中國內地
1990,金惠明,Jin Huiming,10,房地產,中國內地
1990,陶悅群,Tao Yuequn,10,隱形眼鏡,中國內地
1990,大衛•卡比勒,David Kabiller,10,投資管理,美國
1990,卡爾•托馬,Carl Thoma,10,投資,美國
1990,莫裡斯•卡恩,Morris Kahn,10,軟體,以色列
1990,勞利•蒂施,Laurie Tisch,10,"保險, NFL球隊",美國
1990,喬納斯•坎普拉德,Jonas Kamprad,10,宜家,瑞典
1990,史蒂芬•蒂施,Steven Tisch,10,保險,美國
1990,馬賽亞斯•坎普拉德,Mathias Kamprad,10,宜家,瑞典
1990,托爾斯滕•托勒爾,Torsten Toeller,10,寵物食品,德國
1990,彼得•坎普拉德,Peter Kamprad,10,宜家,瑞典
1990,雅什利•烏拉爾,Jayshree Ullal,10,電腦網路,美國
1990,柯桂華,Ke Guihua,10,汽車零件,中國內地
1990,皮耶特•馮•德•多斯,Pieter van der Does,10,支付軟體,荷蘭
1990,Bom Kim,Bom Kim,10,網路零售,美國
1990,瓦迪斯•瓦迪諾亞尼斯及家族,Vardis Vardinoyannis & family,10,油氣,希臘
1990,阿齊茲 •阿赫努什及家族,Aziz Akhannouch & family,10,"石油, 多元化經營",摩洛哥
1990,謝爾蓋•科列斯尼科夫,Sergei Kolesnikov,10,建材,俄羅斯
1990,克裡斯•瓦林,Chris Wallin,10,礦業,澳大利亞
1990,阿爾貝托•阿爾科塞爾,Alberto Alcocer,10,投資,西班牙
1990,伊戈爾•克羅莫伊斯基,Ihor Kolomoyskyy,10,"銀行業, 投資",烏克蘭
1990,王苗通,Wang Miaotong,10,汽車零件,中國內地
1990,伊薩克•安迪可及家族,Isak Andic & family,10,時尚零售,西班牙
1990,伊戈爾•庫得亞辛,Igor Kudryashkin,10,冶金,俄羅斯
1990,王文默,Wang Wenmo,10,運動服裝,中國內地
1990,羅伯托•安赫利尼•羅西,Patricia Angelini Rossi,10,"林業, 礦業",智利
1990,賴世賢,Lai Shixian,10,運動服裝,中國內地
1990,王言卿,Wang Yanqing,10,碳纖維產品,中國內地
1990,埃德蒙•安森,Edmund Ansin,10,電視,美國
1990,林龍安及家族,Lam Lung On & family,10,房地產,中國內地
1990,王耀海,Wang Yaohai,10,照明,中國內地
1990,布萊恩•阿姆斯特朗,Brian Armstrong,10,加密貨幣,美國
1990,劉鑾鴻,Thomas Lau,10,百貨商場,香港
1990,桑迪•威爾,Sandy Weill,10,花旗集團,美國
1990,塔琪亞娜•巴卡楚克,Tatyana Bakalchuk,10,電商,俄羅斯
1990,李俊昊,Lee Joon-ho,10,網路游戲,南韓
1990,文一波及家族,Wen Yibo & family,10,廢水處理,中國內地
1990,阿卡•貝克裡,Achal Bakeri,10,空氣製冷,印度
1990,李尚革,Lee Sang-hyuk,10,投資,南韓
1990,黃朝陽,Wong Chiu Yeung,10,房地產,中國內地
1990,安妮•博富爾,Anne Beaufour,10,醫葯,法國
1990,李仙玉及家族,Li Xianyu & family,10,醫葯,中國內地
1990,黃康境,Wong Hong King,10,房地產,中國內地
1990,昂利•博富爾,Henri Beaufour,10,醫葯,法國
1990,約翰•劉,John Liew,10,投資管理,美國
1990,吳崇儀,Wu Chung-yi,10,製造業,臺灣
1990,林登•布魯爾,Linden Blue,10,防務,美國
1990,林定強及家族,Lin Dingqiang & family,10,房地產,香港
1990,徐其明,Xu Qiming,10,"食品, 藝術品",中國內地
1990,安娜•瑪利亞•布勞恩,Anna Maria Braun,10,醫療技術,德國
1990,盧榮富,Lu Rongfu,10,電信,中國內地
1990,徐萬茂,Xu Wanmao,10,教育,中國內地
1990,喬安娜•布勞恩,Johanna Braun,10,醫療技術,德國
1990,洛厄爾•米爾肯,Lowell Milken,10,投資,美國
1990,瓦蒂姆•雅庫寧,Vadim Yakunin,10,藥店,俄羅斯
1990,卡爾•弗里德里希•布勞恩,Karl Friedrich Braun,10,醫療技術,德國
1990,倪祖根,Ni Zugen,10,電器,中國內地
1990,楊浩涌,Mark Haoyong Yang,10,電商,中國內地
1990,路德維希•西奧多•布勞恩,Ludwig Theodor Braun,10,醫療技術,德國
1990,西蒙•尼克森,Simon Nixon,10,比價網站,英國
1990,葉瓊玖,Ye Qiongjiu,10,軟體,中國內地
1990,愛德華•卡米尼亞克,Edouard Carmignac,10,資產管理,法國
1990,樸炫柱,Park Hyeon-joo,10,共同基金,南韓
1990,俞其兵及家族,Yu Qibing & family,10,玻璃,中國內地
1990,陳卓林,Chen Zhuolin,10,房地產,中國內地
1990,大衛•保羅,David Paul,10,醫療器械,美國
1990,張玉祥及家族,Zhang Yuxiang & family,10,服裝,中國內地
1990,愛德華•楚克勒波夫,Eduard Chukhlebov,10,冶金,俄羅斯
1990,安東尼奧•波卡希,Antonio Percassi,10,"房地產, 多元化經營",義大利
1990,趙鴻飛,Zhao Hongfei,10,軟體,中國內地
1990,愛德華多•許寰哥,Eduardo Cojuangco,10,"食品, 飲料",菲律賓
